Date,Opponent,Is_Home,Result,Goals,Opponent_Goals,Possession,Shots,Shots_On_Target,Passes_Completed,Pass_Accuracy,Corners,Crosses,Fouls,Offsides,Opponent_Possession,Opponent_Shots,Opponent_Shots_On_Target,Opponent_Passes_Completed,Opponent_Pass_Accuracy,Opponent_Corners,Opponent_Crosses,Opponent_Fouls,Opponent_Offsides,Shot_Efficiency,Season,Month,Day_of_Week,Last5_Avg_Goals,Last5_Win_Rate
2013-08-17 14:45:00,Stoke City  ,1,1,1,0,55,25,11,430,83,12,6,11,2,45,12,6,337,81,6,6,12,1,0.44,2013,8,6,1.0,1.0
2013-09-29 18:00:00,Sunderland,0,1,3,1,54,15,6,350,84,8,7,11,1,46,23,5,278,80,10,5,9,4,0.4,2013,9,7,2.0,1.0
2013-11-02 19:30:00,Arsenal,0,-1,0,2,46,12,4,436,85,5,5,7,4,54,12,7,522,84,3,1,11,1,0.3333333333333333,2013,11,6,1.333333333,0.67
2013-12-01 16:05:00,Hull City,0,-1,1,3,62,9,4,496,85,6,0,16,0,38,12,4,268,74,2,4,10,3,0.4444444444444444,2013,12,7,1.25,0.5
2013-12-04 21:45:00,Norwich City  ,1,1,5,1,62,28,12,526,87,4,2,10,2,38,14,5,272,76,0,7,6,0,0.4285714285714285,2013,12,3,2.0,0.6
2013-12-07 17:00:00,West Ham United  ,1,1,4,1,64,32,9,467,86,8,6,9,2,36,8,1,197,68,4,5,12,1,0.28125,2013,12,6,2.6,0.6
2013-12-15 18:00:00,Tottenham,0,1,5,0,57,21,10,424,85,9,2,15,4,43,9,0,287,80,2,6,17,0,0.4761904761904762,2013,12,7,3.0,0.6
2013-12-21 14:45:00,Cardiff City  ,1,1,3,1,69,27,7,558,87,9,4,11,2,31,10,3,187,70,5,8,13,1,0.2592592592592592,2013,12,6,3.6,0.6
2013-12-26 19:30:00,Manchester City,0,-1,1,2,48,12,5,413,88,6,3,9,3,52,20,6,444,88,7,9,10,1,0.4166666666666667,2013,12,4,3.6,0.8
2013-12-29 18:00:00,Chelsea,0,-1,1,2,48,8,4,289,77,2,3,17,1,52,11,5,325,77,4,6,17,1,0.5,2013,12,7,2.8,0.8
2014-01-01 17:00:00,Hull City  ,1,1,2,0,58,17,6,468,85,3,5,15,1,42,10,0,267,70,4,4,15,2,0.3529411764705883,2014,1,3,2.0,0.6
2014-01-05 17:00:00,Oldham Athletic  ,1,1,2,0,60,23,6,463,86,1,5,9,1,40,8,3,278,71,3,4,7,0,0.2608695652173913,2014,1,7,2.0,0.6
2014-01-12 18:10:00,Stoke City,0,1,5,3,49,13,9,342,79,2,2,8,0,51,13,4,325,79,11,12,10,1,0.6923076923076923,2014,1,7,3.0,0.6
2014-01-18 19:30:00,Aston Villa  ,1,0,2,2,56,14,6,370,82,2,1,14,3,44,12,3,221,66,3,4,18,1,0.4285714285714285,2014,1,6,2.75,0.6
2014-01-25 14:45:00,Bournemouth,0,1,2,0,51,15,4,500,91,5,3,6,4,49,20,4,388,80,3,3,6,2,0.2666666666666667,2014,1,6,2.6,0.6
2014-01-28 22:00:00,Everton  ,1,1,4,0,39,20,9,267,79,5,1,11,1,61,19,4,439,85,8,5,13,0,0.45,2014,1,2,3.0,0.8
2014-02-02 15:30:00,West Bromwich,0,0,1,1,50,12,3,331,76,4,4,15,2,50,12,4,319,74,3,6,13,0,0.25,2014,2,7,2.8,0.8
2014-02-08 14:45:00,Arsenal  ,1,1,5,1,43,22,12,297,79,6,5,14,4,57,11,6,438,87,6,4,14,0,0.5454545454545454,2014,2,6,2.8,0.6
2014-02-12 22:00:00,Fulham,0,1,3,2,69,21,7,573,87,5,3,9,0,31,10,3,174,63,7,2,7,0,0.3333333333333333,2014,2,3,3.0,0.6
2014-02-16 18:00:00,Arsenal,0,-1,1,2,45,10,7,360,79,6,1,11,3,55,5,3,450,84,4,1,18,3,0.7,2014,2,7,2.8,0.8
2014-02-23 15:30:00,Swansea City  ,1,1,4,3,53,21,10,438,84,3,4,9,2,47,14,4,359,81,5,3,11,0,0.4761904761904762,2014,2,7,2.8,0.6
2014-03-01 19:30:00,Southampton,0,1,3,0,43,12,5,305,76,6,1,6,1,57,13,2,444,83,3,8,10,2,0.4166666666666667,2014,3,6,3.2,0.6
2014-03-16 15:30:00,Manchester United,0,1,3,0,52,18,7,378,84,4,1,12,1,48,13,1,343,83,3,4,13,3,0.3888888888888889,2014,3,7,2.8,0.8
2014-03-22 17:00:00,Cardiff City,0,1,6,3,67,19,9,566,87,6,3,11,1,33,9,3,232,77,4,5,14,0,0.4736842105263158,2014,3,6,3.4,0.8
2014-03-26 22:00:00,Sunderland  ,1,1,2,1,61,21,7,515,88,3,2,5,2,39,12,4,261,75,4,4,15,2,0.3333333333333333,2014,3,3,3.6,0.8
2014-03-30 18:00:00,Tottenham  ,1,1,4,0,59,11,5,455,86,5,3,9,2,41,15,4,299,82,7,5,10,1,0.4545454545454545,2014,3,7,3.6,1.0
2014-04-06 18:00:00,West Ham United,0,1,2,1,64,17,8,529,85,4,1,9,0,36,11,1,240,75,4,8,10,0,0.4705882352941176,2014,4,7,3.4,1.0
2014-04-13 15:37:00,Manchester City  ,1,1,3,2,47,10,4,332,81,7,4,7,5,53,13,5,380,82,7,4,9,1,0.4,2014,4,7,3.4,1.0
2014-04-20 14:00:00,Norwich City,0,1,3,2,58,14,6,465,86,3,1,10,1,42,13,5,277,76,8,8,16,0,0.4285714285714285,2014,4,7,2.8,1.0
2014-05-05 22:00:00,Crystal Palace,0,0,3,3,65,26,8,535,88,7,5,12,3,35,10,6,217,74,7,4,7,0,0.3076923076923077,2014,5,1,2.2,1.0
2014-05-11 17:00:00,Newcastle United  ,1,1,2,1,66,13,5,605,90,6,5,8,3,34,8,2,261,78,2,3,16,2,0.3846153846153846,2014,5,7,2.2,0.8
2014-05-14 19:30:00,Shamrock Rovers,0,1,4,0,65,26,11,468,89,5,0,13,4,35,12,4,199,68,1,1,14,0,0.4230769230769231,2014,5,3,2.4,0.8
2014-07-24 02:30:00,Roma  ,1,-1,0,1,47,10,3,390,70,0,0,13,2,53,9,3,292,68,2,3,15,1,0.3,2014,7,4,1.8,0.8
2014-08-05 03:00:00,Manchester United  ,1,-1,1,3,46,9,4,400,72,4,5,11,1,54,6,3,490,90,1,6,11,2,0.4444444444444444,2014,8,2,2.0,0.6
2014-08-10 14:15:00,Borussia Dortmund  ,1,1,4,0,54,12,9,510,90,5,11,6,2,46,10,2,278,69,7,0,7,1,0.75,2014,8,7,2.2,0.4
2014-08-17 15:30:00,Southampton  ,1,1,2,1,56,12,5,514,86,2,2,8,2,44,12,6,345,77,6,3,11,2,0.4166666666666667,2014,8,7,2.2,0.6
2014-08-25 22:00:00,Manchester City,0,-1,1,3,47,11,3,441,87,7,5,7,1,53,9,4,506,86,6,2,13,1,0.2727272727272727,2014,8,1,1.6,0.6
2014-08-31 15:30:00,Tottenham,0,1,3,0,40,17,8,283,76,3,6,11,1,60,7,1,478,86,7,6,14,3,0.4705882352941176,2014,8,7,2.2,0.4
2014-09-13 19:30:00,Aston Villa  ,1,-1,0,1,75,18,1,659,89,7,6,9,3,25,5,1,151,62,6,4,10,1,0.05555555555555555,2014,9,6,2.0,0.6
2014-09-16 21:45:00,Ludogorets Razgrad  ,1,1,2,1,64,23,7,501,87,3,10,22,3,36,11,2,247,74,3,2,16,2,0.3043478260869565,2014,9,2,1.6,0.6
2014-09-20 19:30:00,West Ham United,0,-1,1,3,62,11,5,385,82,5,2,11,0,38,13,7,195,71,7,4,16,1,0.4545454545454545,2014,9,6,1.4,0.6
2014-09-27 14:45:00,Everton  ,1,0,1,1,46,24,8,354,85,8,6,8,2,54,11,5,432,87,2,0,9,2,0.3333333333333333,2014,9,6,1.4,0.4
2014-10-01 21:45:00,Basel,0,-1,0,1,44,15,5,309,80,4,5,10,7,56,11,5,401,84,8,2,9,2,0.3333333333333333,2014,10,3,0.8,0.4
2014-10-04 17:00:00,West Bromwich  ,1,1,2,1,54,19,7,384,85,5,4,12,3,46,8,4,273,74,5,4,15,2,0.3684210526315789,2014,10,6,1.2,0.2
2014-10-19 15:30:00,Queens Park Rangers,0,1,3,2,56,15,4,352,78,2,2,15,2,44,15,5,230,68,7,6,10,1,0.2666666666666667,2014,10,7,1.4,0.4
2014-10-22 21:45:00,Real Madrid  ,1,-1,0,3,46,12,2,504,89,9,2,6,7,54,14,7,601,88,5,2,4,3,0.1666666666666667,2014,10,3,1.2,0.4
2014-10-25 17:00:00,Hull City  ,1,0,0,0,66,17,4,448,84,14,8,12,1,37,4,1,147,72,1,1,10,1,0.2352941176470588,2014,10,6,1.0,0.4
2014-10-28 22:00:00,Swansea City  ,1,1,2,1,47,21,8,420,84,0,3,14,3,53,7,5,309,81,0,0,11,0,0.3809523809523809,2014,10,2,1.4,0.4
2014-11-01 14:45:00,Newcastle United,0,-1,0,1,64,6,3,496,85,2,4,8,7,36,14,3,230,75,7,4,13,0,0.5,2014,11,6,1.0,0.6
2014-11-04 21:45:00,Real Madrid,0,-1,0,1,40,4,1,415,87,1,1,12,4,60,27,9,646,91,7,10,8,1,0.25,2014,11,2,0.4,0.4
2014-11-08 14:45:00,Chelsea  ,1,-1,1,2,58,12,4,448,85,5,6,9,6,42,15,5,294,78,7,3,12,1,0.3333333333333333,2014,11,6,0.6,0.2
2014-11-23 15:30:00,Crystal Palace,0,-1,1,3,64,12,1,464,88,3,3,10,1,36,15,5,205,70,4,2,21,2,0.08333333333333333,2014,11,7,0.8,0.2
2014-11-26 21:45:00,Ludogorets Razgrad,0,0,2,2,46,8,4,363,84,2,3,21,1,54,18,4,423,87,11,8,8,2,0.5,2014,11,3,0.8,0.2
2014-11-29 17:00:00,Stoke City  ,1,1,1,0,48,16,3,342,77,5,4,11,0,52,13,4,372,77,5,4,9,1,0.1875,2014,11,6,1.0,0.0
2014-12-02 21:45:00,Leicester City,0,1,3,1,53,11,3,345,79,4,2,10,6,47,20,4,261,71,7,7,11,0,0.2727272727272727,2014,12,2,1.6,0.2
2014-12-06 17:00:00,Sunderland  ,1,0,0,0,53,15,2,378,83,5,4,12,1,47,7,1,319,77,7,1,15,2,0.1333333333333333,2014,12,6,1.4,0.4
2014-12-09 21:45:00,Basel  ,1,0,1,1,61,16,5,485,80,4,5,12,2,39,17,4,290,77,4,4,16,2,0.3125,2014,12,2,1.4,0.4
2014-12-14 15:30:00,Manchester United,0,-1,0,3,45,19,9,333,80,7,5,14,2,55,11,6,417,81,2,3,13,1,0.4736842105263158,2014,12,7,1.0,0.4
2014-12-17 21:45:00,Bournemouth,0,1,3,1,49,15,6,450,85,4,1,3,3,51,13,4,410,79,2,2,7,0,0.4,2014,12,3,1.4,0.4
2014-12-21 18:00:00,Arsenal  ,1,0,2,2,64,27,10,512,84,10,7,6,0,36,7,3,249,72,6,2,14,1,0.3703703703703703,2014,12,7,1.2,0.4
2014-12-26 17:00:00,Burnley,0,1,1,0,52,10,3,401,76,2,1,5,4,48,16,0,329,73,8,5,7,0,0.3,2014,12,5,1.4,0.2
2014-12-29 22:00:00,Swansea City  ,1,1,4,1,44,21,11,391,83,6,5,8,2,56,11,4,531,87,3,8,5,1,0.5238095238095238,2014,12,1,2.0,0.4
2015-01-01 17:00:00,Leicester City  ,1,0,2,2,59,18,6,395,82,4,5,13,2,41,16,3,241,73,5,3,10,1,0.3333333333333333,2015,1,4,2.0,0.6
2015-01-05 21:55:00,AFC Wimbledon,0,1,2,1,64,21,9,400,83,6,10,10,2,36,14,4,400,85,2,4,16,1,0.4285714285714285,2015,1,1,2.0,0.6
2015-01-10 14:45:00,Sunderland,0,1,1,0,53,21,4,445,88,6,5,11,0,47,5,1,363,81,6,5,12,2,0.1904761904761905,2015,1,6,1.666666667,0.6
2015-01-17 17:00:00,Aston Villa,0,1,2,0,52,12,5,370,80,5,5,11,5,48,15,4,330,78,9,10,13,1,0.4166666666666667,2015,1,6,1.75,0.8
2015-01-20 21:45:00,Chelsea  ,1,0,1,1,55,21,8,380,85,5,6,4,2,45,2,1,200,74,4,5,13,2,0.3809523809523809,2015,1,2,1.6,0.8
2015-01-24 19:30:00,Bolton Wanderers  ,1,0,0,0,55,24,12,345,79,5,3,9,0,45,8,1,360,70,0,3,14,2,0.5,2015,1,6,1.2,0.6
2015-01-27 21:45:00,Chelsea,0,-1,0,1,44,15,4,346,71,6,6,20,1,56,21,6,492,79,3,3,14,1,0.2666666666666667,2015,1,2,0.8,0.6
2015-01-31 17:00:00,West Ham United  ,1,1,2,0,66,21,7,455,84,5,3,12,1,34,7,2,163,61,7,6,12,1,0.3333333333333333,2015,1,6,1.0,0.4
2015-02-04 21:45:00,Bolton Wanderers,0,1,2,1,56,19,8,370,84,1,3,8,3,44,7,4,361,79,6,6,12,1,0.4210526315789473,2015,2,3,1.0,0.4
2015-02-07 19:30:00,Everton,0,0,0,0,54,17,6,473,86,6,0,7,2,46,6,1,387,84,3,2,11,5,0.3529411764705883,2015,2,6,0.8,0.4
2015-02-10 22:00:00,Tottenham  ,1,1,3,2,49,16,7,315,78,5,2,13,1,51,14,5,307,75,7,2,17,1,0.4375,2015,2,2,1.4,0.4
2015-02-14 19:30:00,Crystal Palace,0,1,2,1,57,16,6,360,80,3,0,13,0,43,7,4,350,80,4,0,15,0,0.375,2015,2,6,1.8,0.6
2015-02-19 22:05:00,Beşiktaş  ,1,1,1,0,64,18,5,433,81,7,7,18,1,36,8,1,213,71,4,3,17,4,0.2777777777777778,2015,2,4,1.6,0.8
2015-02-22 18:15:00,Southampton,0,1,2,0,40,6,4,273,72,1,2,14,2,60,13,5,440,81,6,4,11,1,0.6666666666666666,2015,2,7,1.6,0.8
2015-02-26 20:00:00,Beşiktaş,0,-1,0,1,43,7,4,406,76,2,2,20,3,57,21,6,571,83,6,3,17,4,0.5714285714285714,2015,2,4,1.6,0.8
2015-03-01 14:00:00,Manchester City  ,1,1,2,1,48,11,5,374,78,3,4,8,3,52,8,1,412,79,0,1,16,6,0.4545454545454545,2015,3,7,1.4,0.8
2015-03-04 22:00:00,Burnley  ,1,1,2,0,63,20,8,582,86,6,2,8,0,37,9,1,280,72,5,1,14,1,0.4,2015,3,3,1.4,0.8
2015-03-08 18:00:00,Blackburn Rovers  ,1,0,0,0,70,17,5,345,81,3,3,6,2,30,6,2,299,69,1,3,12,1,0.2941176470588235,2015,3,7,1.2,0.8
2015-03-16 22:00:00,Swansea City,0,1,1,0,54,16,5,479,85,5,3,16,0,46,10,3,395,82,4,4,13,1,0.3125,2015,3,1,1.0,0.6
2015-03-22 15:30:00,Manchester United  ,1,-1,1,2,42,7,1,306,75,2,0,14,0,58,6,4,464,82,3,2,17,3,0.1428571428571428,2015,3,7,1.2,0.6
2015-04-04 14:45:00,Arsenal,0,-1,1,4,51,13,2,421,83,5,4,9,3,49,16,10,400,84,6,6,7,4,0.1538461538461539,2015,4,6,1.0,0.6
2015-04-08 21:45:00,Blackburn Rovers,0,1,1,0,68,16,5,473,82,10,5,10,0,32,10,4,170,64,4,7,10,0,0.3125,2015,4,3,0.8,0.4
2015-04-13 22:00:00,Newcastle United  ,1,1,2,0,62,14,6,456,83,6,1,8,3,38,10,3,252,77,6,1,17,2,0.4285714285714285,2015,4,1,1.2,0.4
2015-04-19 17:00:00,Aston Villa,0,-1,1,2,50,14,3,387,83,6,6,5,8,50,7,4,381,80,3,1,11,4,0.2142857142857143,2015,4,7,1.2,0.6
2015-04-25 17:00:00,West Bromwich,0,0,0,0,73,22,4,572,85,4,2,11,1,27,10,4,128,54,2,4,12,1,0.1818181818181818,2015,4,6,1.0,0.4
2015-04-28 21:45:00,Hull City,0,-1,0,1,69,12,9,498,84,7,4,10,0,31,7,4,168,65,7,7,10,1,0.75,2015,4,2,0.8,0.4
2015-05-02 17:00:00,Queens Park Rangers  ,1,1,2,1,62,25,8,371,78,9,9,9,3,38,10,2,175,62,6,4,18,3,0.32,2015,5,6,1.0,0.4
2015-05-10 18:00:00,Chelsea,0,0,1,1,52,15,4,402,86,4,7,11,3,48,8,3,342,79,6,3,13,1,0.2666666666666667,2015,5,7,0.8,0.4
2015-05-16 19:30:00,Crystal Palace  ,1,-1,1,3,66,18,3,502,86,4,2,10,1,34,15,6,211,73,5,2,17,3,0.1666666666666667,2015,5,6,0.8,0.2
2015-05-24 17:00:00,Stoke City,0,-1,1,6,54,13,4,421,82,9,3,4,1,46,15,9,348,81,3,1,13,1,0.3076923076923077,2015,5,7,1.0,0.2
2015-07-17 11:50:00,Brisbane Roar,0,1,2,1,54,24,8,360,85,10,1,6,1,46,8,2,298,75,0,1,7,0,0.3333333333333333,2015,7,5,1.4,0.2
2015-07-20 12:30:00,Adelaide United,0,1,2,0,47,15,7,400,80,4,6,10,5,53,6,0,360,79,3,5,18,1,0.4666666666666667,2015,7,1,1.4,0.4
2015-08-02 18:00:00,Swindon Town,0,1,2,1,42,17,9,415,90,2,5,18,4,58,8,3,460,81,3,3,8,3,0.5294117647058824,2015,8,7,1.6,0.4
2015-08-09 18:00:00,Stoke City,0,1,1,0,53,8,3,378,79,5,5,16,2,47,7,1,301,73,3,5,9,3,0.375,2015,8,7,1.6,0.6
2015-08-17 22:00:00,Bournemouth  ,1,1,1,0,55,18,2,403,82,6,2,11,1,45,13,2,293,76,8,3,18,0,0.1111111111111111,2015,8,1,1.6,0.8
2015-08-24 22:00:00,Arsenal,0,0,0,0,34,15,8,250,71,8,2,13,4,66,19,5,564,85,7,6,2,5,0.5333333333333333,2015,8,1,1.2,1.0
2015-08-29 17:00:00,West Ham United  ,1,-1,0,3,63,13,1,463,85,5,6,17,1,37,12,5,238,73,7,2,12,0,0.07692307692307693,2015,8,6,0.8,0.8
2015-09-12 19:30:00,Manchester United,0,-1,1,3,44,8,4,342,77,4,4,11,2,56,9,3,470,84,4,3,6,2,0.5,2015,9,6,0.6,0.6
2015-09-17 20:00:00,Bordeaux,0,0,1,1,54,10,6,445,83,8,2,10,1,46,9,5,357,83,4,4,10,0,0.6,2015,9,4,0.6,0.4
2015-09-20 18:00:00,Norwich City  ,1,0,1,1,59,23,7,480,83,6,3,4,3,41,7,2,279,70,2,2,13,1,0.3043478260869565,2015,9,7,0.6,0.2
2015-09-23 22:00:00,Carlisle United  ,1,0,1,1,65,58,16,668,89,19,14,8,2,35,6,2,312,73,3,0,2,4,0.2758620689655172,2015,9,3,0.8,0.0
2015-09-26 17:00:00,Aston Villa  ,1,1,3,2,62,21,12,505,89,11,3,8,3,38,10,4,274,80,1,7,13,1,0.5714285714285714,2015,9,6,1.4,0.0
2015-10-01 22:05:00,Sion  ,1,0,1,1,65,19,8,448,87,8,6,11,4,35,10,4,196,71,1,2,12,4,0.4210526315789473,2015,10,4,1.4,0.2
2015-10-04 15:30:00,Everton,0,0,1,1,49,13,4,298,80,11,8,19,0,51,14,4,298,77,5,2,10,1,0.3076923076923077,2015,10,7,1.4,0.2
2015-10-17 14:45:00,Tottenham,0,0,0,0,52,12,3,332,75,6,6,11,5,48,13,4,304,75,8,6,15,2,0.25,2015,10,6,1.2,0.2
2015-10-22 22:05:00,Rubin Kazan  ,1,0,1,1,73,35,6,567,86,15,12,16,1,27,5,3,150,60,3,2,12,0,0.1714285714285714,2015,10,4,1.2,0.2
2015-10-25 19:15:00,Southampton  ,1,0,1,1,60,15,2,484,83,10,8,8,4,40,8,3,279,73,7,6,11,2,0.1333333333333333,2015,10,7,0.8,0.2
2015-10-28 22:45:00,Bournemouth  ,1,1,1,0,51,14,6,415,81,5,2,13,0,49,11,5,376,79,4,4,7,2,0.4285714285714285,2015,10,3,0.8,0.0
2015-10-31 15:45:00,Chelsea,0,1,3,1,57,16,7,468,82,7,3,21,2,43,8,2,326,78,1,2,9,3,0.4375,2015,10,6,1.2,0.2
2015-11-05 21:00:00,Rubin Kazan,0,1,1,0,68,23,6,597,86,7,6,19,1,32,7,0,238,71,1,1,13,0,0.2608695652173913,2015,11,4,1.4,0.4
2015-11-08 18:00:00,Crystal Palace  ,1,-1,1,2,64,22,4,408,82,14,6,7,1,36,9,4,191,67,6,4,6,2,0.1818181818181818,2015,11,7,1.4,0.6
2015-11-26 22:05:00,Bordeaux  ,1,1,2,1,48,11,4,329,77,5,4,23,1,52,13,2,375,81,5,2,9,1,0.3636363636363636,2015,11,4,2.2,0.6
2015-11-29 18:15:00,Swansea City  ,1,1,1,0,54,10,2,435,81,8,6,12,0,46,9,0,366,82,7,3,6,1,0.2,2015,11,7,1.8,0.8
2015-12-02 21:45:00,Southampton,0,1,6,1,54,14,7,360,77,4,3,10,1,46,12,3,286,73,1,8,10,1,0.5,2015,12,3,2.8,0.8
2015-12-06 18:00:00,Newcastle United,0,-1,0,2,60,10,1,447,78,7,8,10,2,40,6,1,264,68,2,3,6,1,0.1,2015,12,7,2.6,0.8
2015-12-10 20:00:00,Sion,0,0,0,0,65,6,2,498,81,1,3,14,1,35,6,0,221,68,6,1,12,3,0.3333333333333333,2015,12,4,1.8,0.6
2015-12-13 18:00:00,West Bromwich  ,1,0,2,2,70,28,8,529,82,4,7,7,1,30,4,2,171,63,4,2,10,1,0.2857142857142857,2015,12,7,1.8,0.6
2015-12-20 15:30:00,Watford,0,-1,0,3,65,12,4,376,75,9,6,9,10,35,6,5,144,54,7,3,6,1,0.3333333333333333,2015,12,7,1.6,0.4
2015-12-26 17:00:00,Leicester City  ,1,1,1,0,65,26,5,391,76,7,4,11,5,35,7,3,159,57,6,4,8,1,0.1923076923076923,2015,12,6,0.6,0.2
2015-12-30 21:45:00,Sunderland,0,1,1,0,58,17,6,337,72,4,2,16,0,42,8,3,216,66,6,2,8,1,0.3529411764705883,2015,12,3,0.8,0.2
2016-01-02 14:45:00,West Ham United,0,-1,0,2,64,23,2,390,78,9,8,8,3,36,18,10,189,66,3,7,11,1,0.08695652173913043,2016,1,6,0.0,0.4
2016-01-05 22:00:00,Stoke City,0,1,1,0,36,16,4,260,72,5,4,6,2,64,15,2,546,83,6,7,4,2,0.25,2016,1,2,0.5,0.4
2016-01-08 21:55:00,Exeter City,0,0,2,2,57,16,5,346,76,5,6,5,2,43,14,2,219,66,5,6,13,1,0.3125,2016,1,5,1.0,0.6
2016-01-13 22:00:00,Arsenal  ,1,0,3,3,60,22,6,423,79,9,4,9,4,40,14,5,271,72,3,3,7,5,0.2727272727272727,2016,1,3,1.5,0.6
2016-01-17 16:05:00,Manchester United  ,1,-1,0,1,53,19,4,366,75,5,6,6,3,47,7,1,315,73,4,3,18,0,0.2105263157894737,2016,1,7,1.2,0.4
2016-01-20 22:00:00,Exeter City  ,1,1,3,0,61,26,11,547,88,10,7,13,2,39,6,1,308,77,1,3,8,2,0.4230769230769231,2016,1,3,1.8,0.2
2016-01-23 14:45:00,Norwich City,0,1,5,4,52,13,7,332,75,3,2,14,4,48,6,5,282,70,3,4,10,1,0.5384615384615384,2016,1,6,2.6,0.4
2016-01-26 21:45:00,Stoke City  ,1,-1,0,1,56,12,2,468,77,8,4,19,3,44,15,2,335,68,6,3,19,1,0.1666666666666667,2016,1,2,2.2,0.4
2016-01-30 19:30:00,West Ham United  ,1,0,0,0,52,18,6,315,75,6,5,14,1,48,7,1,306,78,2,5,15,2,0.3333333333333333,2016,1,6,1.6,0.4
2016-02-02 21:45:00,Leicester City,0,-1,0,2,64,14,1,438,77,12,6,7,2,36,13,6,207,64,3,3,6,3,0.07142857142857142,2016,2,2,1.6,0.4
2016-02-06 17:00:00,Sunderland  ,1,0,2,2,71,16,5,576,83,7,7,4,3,29,7,2,175,62,2,2,12,2,0.3125,2016,2,6,1.4,0.4
2016-02-09 21:45:00,West Ham United,0,-1,1,2,53,20,6,433,74,8,7,21,2,47,19,7,362,72,6,2,14,4,0.3,2016,2,2,0.6,0.2
2016-02-14 16:05:00,Aston Villa,0,1,6,0,61,11,9,540,85,6,4,9,1,39,6,1,325,79,0,2,10,0,0.8181818181818182,2016,2,7,1.8,0.0
2016-02-18 22:05:00,Augsburg,0,0,0,0,53,16,6,464,85,7,3,11,1,47,12,2,397,84,1,5,12,4,0.375,2016,2,4,1.8,0.2
2016-02-25 20:00:00,Augsburg  ,1,1,1,0,59,24,6,464,81,12,3,11,4,41,13,3,282,72,2,3,15,2,0.25,2016,2,4,2.0,0.2
2016-02-28 18:30:00,Manchester City  ,1,0,1,1,61,16,4,553,79,5,8,18,8,39,20,7,306,70,9,8,15,0,0.25,2016,2,7,1.8,0.4
2016-03-02 22:00:00,Manchester City  ,1,1,3,0,50,11,7,359,77,3,1,14,4,50,4,1,356,76,2,2,14,1,0.6363636363636364,2016,3,3,2.2,0.4
2016-03-06 15:30:00,Crystal Palace,0,1,2,1,62,19,5,467,83,6,6,16,2,38,14,4,230,67,6,7,12,3,0.2631578947368421,2016,3,7,1.4,0.6
2016-03-10 22:05:00,Manchester United  ,1,1,2,0,56,13,8,416,81,7,3,15,2,44,5,1,312,77,0,2,16,3,0.6153846153846154,2016,3,4,1.8,0.6
2016-03-17 22:05:00,Manchester United,0,0,1,1,41,13,7,270,73,3,1,11,4,59,17,3,433,80,5,3,14,0,0.5384615384615384,2016,3,4,1.8,0.8
2016-03-20 15:30:00,Southampton,0,-1,2,3,51,17,8,385,79,5,1,13,2,49,16,5,379,81,3,5,10,3,0.4705882352941176,2016,3,7,2.0,0.6
2016-04-02 19:30:00,Tottenham  ,1,0,1,1,42,15,7,256,70,12,2,11,0,58,18,5,410,79,9,4,11,1,0.4666666666666667,2016,4,6,1.6,0.6
2016-04-07 22:05:00,Borussia Dortmund,0,0,1,1,36,13,6,286,73,1,1,14,4,64,16,7,573,85,5,3,13,1,0.4615384615384616,2016,4,4,1.4,0.4
2016-04-10 18:00:00,Stoke City  ,1,1,4,1,53,14,6,396,82,6,4,14,1,47,11,3,339,79,3,5,14,3,0.4285714285714285,2016,4,7,1.8,0.2
2016-04-14 22:05:00,Borussia Dortmund  ,1,1,4,3,58,21,4,457,81,11,9,12,1,42,12,6,325,79,2,1,17,2,0.1904761904761905,2016,4,4,2.4,0.2
2016-04-17 15:30:00,Bournemouth,0,1,2,1,49,19,6,398,81,4,2,9,3,51,18,5,404,80,5,11,9,2,0.3157894736842105,2016,4,7,2.4,0.4
2016-04-20 22:00:00,Everton  ,1,1,4,0,67,37,13,513,86,9,15,8,2,33,3,0,200,64,1,0,11,1,0.3513513513513514,2016,4,3,3.0,0.6
2016-04-23 17:00:00,Newcastle United  ,1,0,2,2,67,13,4,483,79,5,4,8,3,33,6,3,186,63,4,5,17,1,0.3076923076923077,2016,4,6,3.2,0.8
2016-04-28 22:05:00,Villarreal,0,-1,0,1,54,15,3,471,84,3,3,7,4,46,9,3,378,80,7,4,7,0,0.2,2016,4,4,2.4,0.8
2016-05-01 14:00:00,Swansea City,0,-1,1,3,52,11,3,454,85,7,4,13,0,48,18,9,406,85,4,6,12,1,0.2727272727272727,2016,5,7,1.8,0.6
2016-05-05 22:05:00,Villarreal  ,1,1,3,0,60,25,12,459,85,11,4,11,3,40,6,2,275,75,3,4,7,1,0.48,2016,5,4,2.0,0.4
2016-05-08 18:00:00,Watford  ,1,1,2,0,66,19,5,479,85,8,5,10,2,34,14,3,193,71,8,9,15,1,0.2631578947368421,2016,5,7,1.6,0.4
2016-05-11 22:00:00,Chelsea  ,1,0,1,1,55,28,9,470,86,7,4,11,1,45,13,7,363,81,3,0,12,2,0.3214285714285715,2016,5,3,1.4,0.4
2016-05-15 17:00:00,West Bromwich,0,0,1,1,67,7,3,516,84,5,3,14,0,33,13,1,192,67,7,5,11,1,0.4285714285714285,2016,5,7,1.6,0.4
2016-05-18 21:45:00,Sevilla  ,1,-1,1,3,51,13,5,278,76,4,6,19,1,49,11,4,241,70,7,2,10,2,0.3846153846153846,2016,5,3,1.6,0.4
2016-07-08 21:15:00,Tranmere Rovers,0,1,1,0,64,26,9,411,85,1,4,8,0,36,6,1,212,83,5,0,8,1,0.3461538461538461,2016,7,5,1.2,0.4
2016-07-13 21:00:00,Fleetwood Town,0,1,5,0,58,23,14,412,90,2,5,5,1,42,3,2,312,64,4,2,9,0,0.6086956521739131,2016,7,3,1.8,0.4
2016-07-17 18:00:00,Wigan Athletic,0,1,2,0,55,21,7,413,87,3,0,10,4,45,3,1,412,71,4,0,16,3,0.3333333333333333,2016,7,7,2.0,0.4
2016-07-20 21:45:00,Huddersfield Town,0,1,2,0,45,6,3,395,84,4,3,16,2,55,10,1,482,83,2,3,20,0,0.5,2016,7,3,2.2,0.6
2016-07-28 06:35:00,Chelsea,0,-1,0,1,50,3,2,390,76,3,5,19,3,50,7,3,422,83,3,1,18,4,0.6666666666666666,2016,7,4,2.0,0.8
2016-07-31 05:05:00,Milan  ,1,1,2,0,61,13,4,400,86,2,6,13,3,39,7,1,299,75,2,4,9,1,0.3076923076923077,2016,7,7,2.2,0.8
2016-08-02 03:30:00,Roma  ,1,-1,1,2,60,11,6,472,86,3,7,11,4,40,13,7,282,79,2,3,12,3,0.5454545454545454,2016,8,2,1.4,0.8
2016-08-06 19:15:00,Barcelona  ,1,1,4,0,35,9,5,431,90,6,4,15,2,65,8,3,301,81,6,3,10,2,0.5555555555555556,2016,8,6,1.8,0.6
2016-08-07 16:45:00,Mainz 05,0,-1,0,4,52,3,0,421,79,0,7,10,3,48,13,5,350,79,0,2,20,3,0.0,2016,8,7,1.4,0.6
2016-08-14 18:00:00,Arsenal,0,1,4,3,49,16,7,380,79,4,3,17,3,51,9,5,386,80,5,6,13,4,0.4375,2016,8,7,2.2,0.4
2016-08-20 17:00:00,Burnley,0,-1,0,2,80,26,5,765,90,12,4,5,0,20,3,2,130,62,1,0,14,3,0.1923076923076923,2016,8,6,1.8,0.6
2016-08-23 21:45:00,Burton Albion,0,1,5,0,58,14,8,476,90,3,9,7,4,41,4,0,323,83,6,5,4,0,0.5714285714285714,2016,8,2,2.6,0.4
2016-08-27 14:30:00,Tottenham,0,0,1,1,51,13,3,325,75,5,1,17,6,49,11,4,306,73,5,5,11,2,0.2307692307692308,2016,8,6,2.0,0.6
2016-09-10 19:30:00,Leicester City  ,1,1,4,1,62,17,11,490,81,1,2,4,3,38,12,3,239,68,7,5,8,1,0.6470588235294118,2016,9,6,2.8,0.4
2016-09-20 21:45:00,Derby County,0,1,3,0,73,18,7,625,87,9,2,13,0,27,4,2,189,74,3,4,14,5,0.3888888888888889,2016,9,2,3.0,0.6
2016-09-24 17:00:00,Hull City  ,1,1,5,1,74,32,12,698,91,13,4,8,0,26,2,1,190,72,2,0,8,1,0.375,2016,9,6,3.0,0.6
2016-10-01 14:30:00,Swansea City,0,1,2,1,59,18,6,495,83,10,4,9,2,41,8,3,306,75,3,4,11,1,0.3333333333333333,2016,10,6,3.2,0.8
2016-10-17 22:00:00,Manchester United  ,1,0,0,0,65,9,3,509,81,3,3,14,2,35,7,1,259,76,1,2,20,5,0.3333333333333333,2016,10,1,2.4,0.8
2016-10-22 19:30:00,West Bromwich  ,1,1,2,1,68,21,7,561,85,3,5,9,3,32,7,1,204,64,2,3,13,3,0.3333333333333333,2016,10,6,2.4,0.8
2016-10-25 21:45:00,Tottenham  ,1,1,2,1,46,18,9,338,81,6,4,12,0,54,9,5,404,82,6,3,19,2,0.5,2016,10,2,2.2,0.8
2016-10-29 19:30:00,Crystal Palace,0,1,4,2,55,17,10,399,77,3,5,5,1,45,7,6,304,73,3,3,15,4,0.5882352941176471,2016,10,6,2.0,0.8
2016-11-06 17:15:00,Watford  ,1,1,6,1,60,28,17,446,79,6,10,14,1,40,11,8,262,69,3,4,10,2,0.6071428571428571,2016,11,7,2.8,0.8
2016-11-19 18:00:00,Southampton,0,0,0,0,65,15,2,537,81,8,4,11,2,35,3,0,243,66,1,2,8,2,0.1333333333333333,2016,11,6,2.8,0.8
2016-11-26 18:00:00,Sunderland  ,1,1,2,0,77,27,7,608,87,9,6,5,0,23,6,1,125,61,4,1,9,1,0.2592592592592592,2016,11,6,2.8,0.8
2016-11-29 22:45:00,Leeds United  ,1,1,2,0,72,13,4,585,87,3,1,4,1,28,13,4,167,63,5,3,12,5,0.3076923076923077,2016,11,2,2.8,0.8
2016-12-04 16:30:00,Bournemouth,0,-1,3,4,60,10,3,474,84,9,6,17,1,40,12,8,301,80,4,5,9,1,0.3,2016,12,7,2.6,0.8
2016-12-11 19:30:00,West Ham United  ,1,0,2,2,67,19,3,516,84,11,5,7,5,33,8,3,195,64,4,1,8,2,0.1578947368421053,2016,12,7,1.8,0.6
2016-12-14 22:45:00,Middlesbrough,0,1,3,0,63,15,4,598,88,2,4,14,4,37,8,3,314,80,5,3,11,1,0.2666666666666667,2016,12,3,2.4,0.4
2016-12-19 23:00:00,Everton,0,1,1,0,68,11,4,500,82,6,3,9,1,32,6,1,180,63,1,3,13,1,0.3636363636363636,2016,12,1,2.2,0.6
2016-12-27 20:15:00,Stoke City  ,1,1,4,1,64,20,6,515,82,8,2,9,0,36,6,2,256,73,2,2,6,2,0.3,2016,12,2,2.6,0.6
2016-12-31 20:30:00,Manchester City  ,1,1,1,0,43,5,1,306,70,4,3,12,2,57,9,2,461,80,6,1,12,2,0.2,2016,12,6,2.2,0.6
2017-01-02 18:00:00,Sunderland,0,0,2,2,71,21,15,605,87,5,7,10,3,29,10,5,199,69,2,0,10,3,0.7142857142857143,2017,1,1,2.0,0.8
2017-01-08 16:30:00,Plymouth Argyle  ,1,0,0,0,77,28,4,541,88,18,14,12,1,23,4,1,119,60,0,0,16,0,0.1428571428571428,2017,1,7,1.0,0.8
2017-01-11 22:45:00,Southampton,0,-1,0,1,68,9,2,583,86,5,2,5,1,32,11,5,226,72,2,4,11,0,0.2222222222222222,2017,1,3,0.666666667,0.6
2017-01-15 19:00:00,Manchester United,0,0,1,1,44,13,4,279,72,7,5,13,2,56,9,3,373,77,5,4,17,4,0.3076923076923077,2017,1,7,0.75,0.4
2017-01-18 22:45:00,Plymouth Argyle,0,1,1,0,68,16,4,622,88,4,4,17,0,32,5,2,230,70,4,4,12,2,0.25,2017,1,3,0.8,0.2
2017-01-21 15:30:00,Swansea City  ,1,-1,2,3,74,16,5,683,87,6,6,7,2,26,6,3,215,75,3,5,7,1,0.3125,2017,1,6,0.8,0.2
2017-01-25 23:00:00,Southampton  ,1,-1,0,1,72,13,3,614,85,8,7,8,0,28,7,2,177,63,4,1,2,1,0.2307692307692308,2017,1,3,0.8,0.2
2017-01-28 15:30:00,Wolverhampton Wanderers  ,1,-1,1,2,79,20,5,683,86,7,5,7,1,21,7,3,116,57,4,2,13,2,0.25,2017,1,6,1.0,0.2
2017-01-31 23:00:00,Chelsea  ,1,0,1,1,62,7,3,507,79,3,4,13,5,38,8,2,267,69,3,0,8,3,0.4285714285714285,2017,1,2,1.0,0.2
2017-02-04 18:00:00,Hull City,0,-1,0,2,72,22,5,526,83,15,7,12,1,28,7,4,159,62,1,3,9,2,0.2272727272727273,2017,2,6,0.8,0.2
2017-02-11 20:30:00,Tottenham  ,1,1,2,0,51,17,9,299,70,10,6,14,2,49,7,2,297,71,3,2,14,1,0.5294117647058824,2017,2,6,0.8,0.0
2017-02-27 23:00:00,Leicester City,0,-1,1,3,69,17,7,526,85,12,8,5,2,31,14,8,159,57,5,4,8,3,0.4117647058823529,2017,2,1,1.0,0.2
2017-03-04 20:30:00,Arsenal  ,1,1,3,1,53,18,7,343,75,9,7,8,5,47,7,3,313,77,3,3,15,3,0.3888888888888889,2017,3,6,1.4,0.2
2017-03-12 19:00:00,Burnley  ,1,1,2,1,64,10,3,423,76,11,5,12,3,36,11,1,194,63,1,3,16,3,0.3,2017,3,7,1.6,0.4
2017-03-19 19:30:00,Manchester City,0,0,1,1,40,13,4,299,78,8,5,7,2,60,13,3,489,87,9,7,14,6,0.3076923076923077,2017,3,7,1.8,0.6
2017-04-01 14:30:00,Everton  ,1,1,3,1,51,10,6,368,78,2,0,17,1,49,9,4,312,73,3,7,10,1,0.6,2017,4,6,2.0,0.6
2017-04-05 22:00:00,Bournemouth  ,1,0,2,2,66,20,8,494,84,7,9,11,2,34,8,2,213,71,2,2,8,0,0.4,2017,4,3,2.2,0.6
2017-04-08 17:00:00,Stoke City,0,1,2,1,56,15,4,380,78,8,6,11,2,44,9,4,281,74,5,6,7,7,0.2666666666666667,2017,4,6,2.0,0.6
2017-04-16 15:30:00,West Bromwich,0,1,1,0,64,15,2,464,82,4,4,9,2,36,7,2,213,68,4,2,15,6,0.1333333333333333,2017,4,7,1.8,0.6
2017-04-23 18:30:00,Crystal Palace  ,1,-1,1,2,72,14,1,520,83,4,3,8,0,28,7,3,140,60,3,4,10,3,0.07142857142857142,2017,4,7,1.8,0.6
2017-05-01 22:00:00,Watford,0,1,1,0,60,12,8,428,80,5,3,9,0,40,9,2,256,72,3,2,11,6,0.6666666666666666,2017,5,1,1.4,0.6
2017-05-07 15:30:00,Southampton  ,1,0,0,0,65,17,8,499,83,3,3,9,1,35,4,0,206,65,6,3,4,3,0.4705882352941176,2017,5,7,1.0,0.6
2017-05-14 16:15:00,West Ham United,0,1,4,0,67,26,11,515,87,6,6,10,3,33,10,3,206,71,4,3,5,3,0.4230769230769231,2017,5,7,1.4,0.6
2017-05-21 17:00:00,Middlesbrough  ,1,1,3,0,74,25,10,670,89,3,4,13,1,26,9,3,174,67,3,3,8,0,0.4,2017,5,7,1.8,0.6
2017-05-24 13:00:00,Sydney Olympic,0,1,3,0,0,0,0,431,89,5,0,0,0,0,0,0,400,86,1,0,0,0,,2017,5,3,2.2,0.6
2017-07-12 21:45:00,Tranmere Rovers,0,1,4,0,70,21,10,642,92,7,5,12,0,30,6,2,225,74,0,1,11,2,0.4761904761904762,2017,7,3,2.8,0.8
2017-07-14 21:30:00,Wigan Athletic,0,0,1,1,53,26,10,462,82,5,2,13,4,47,6,3,390,81,0,1,5,4,0.3846153846153846,2017,7,5,3.0,0.8
2017-07-19 15:30:00,Crystal Palace  ,1,1,2,0,54,16,11,552,91,4,6,9,2,46,3,1,301,76,4,2,8,1,0.6875,2017,7,3,2.6,0.8
2017-07-22 15:30:00,Leicester City  ,1,1,2,1,62,10,6,462,89,4,5,6,2,38,6,2,299,85,3,1,5,1,0.6,2017,7,6,2.4,0.8
2017-07-29 19:00:00,Hertha Berlin,0,1,3,0,49,11,6,410,90,3,5,12,1,51,7,3,456,83,4,0,13,0,0.5454545454545454,2017,7,6,2.4,0.8
2017-08-01 21:30:00,Bayern München,0,1,3,0,37,9,5,321,84,2,3,20,2,63,11,1,610,89,3,6,6,2,0.5555555555555556,2017,8,2,2.2,0.8
2017-08-05 19:15:00,Athletic Bilbao  ,1,1,3,1,60,12,7,549,86,5,8,6,0,40,6,2,343,78,0,2,14,1,0.5833333333333334,2017,8,6,2.6,0.8
2017-08-12 14:30:00,Watford,0,0,3,3,54,14,5,352,74,3,4,8,1,46,9,4,277,70,3,2,14,3,0.3571428571428572,2017,8,6,2.8,1.0
2017-08-15 21:45:00,Hoffenheim,0,1,2,1,37,14,8,279,80,5,6,12,1,63,13,4,504,86,6,10,13,3,0.5714285714285714,2017,8,2,2.8,0.8
2017-08-19 17:00:00,Crystal Palace  ,1,1,1,0,72,23,13,603,85,4,7,12,2,28,4,1,181,66,2,1,13,4,0.5652173913043478,2017,8,6,2.4,0.8
2017-08-23 21:45:00,Hoffenheim  ,1,1,4,2,45,20,9,355,84,4,4,3,2,55,9,3,433,82,4,1,13,5,0.45,2017,8,3,2.6,0.8
2017-08-27 18:00:00,Arsenal  ,1,1,4,0,49,18,10,411,81,4,7,6,3,51,8,0,438,81,3,1,9,5,0.5555555555555556,2017,8,7,2.8,0.8
2017-09-09 14:30:00,Manchester City,0,-1,0,5,34,7,3,288,77,3,2,9,2,66,13,10,658,90,8,7,10,5,0.4285714285714285,2017,9,6,2.2,0.8
2017-09-13 21:45:00,Sevilla  ,1,0,2,2,49,24,7,356,76,10,7,14,0,51,7,2,383,78,3,3,9,2,0.2916666666666667,2017,9,3,2.2,0.8
2017-09-16 17:00:00,Burnley  ,1,0,1,1,71,35,9,581,86,12,6,7,1,29,5,4,183,66,2,3,9,5,0.2571428571428571,2017,9,6,2.2,0.6
2017-09-19 21:45:00,Leicester City,0,-1,0,2,70,21,3,586,85,6,3,10,1,30,8,5,192,64,4,2,9,0,0.1428571428571428,2017,9,2,1.4,0.4
2017-09-23 19:30:00,Leicester City,0,1,3,2,57,23,6,352,72,6,6,14,1,43,12,7,237,66,3,5,13,4,0.2608695652173913,2017,9,6,1.2,0.2
2017-09-26 21:45:00,Spartak Moscow,0,0,1,1,64,16,6,503,84,5,3,11,3,36,4,2,240,71,2,2,11,0,0.375,2017,9,2,1.4,0.2
2017-10-01 18:30:00,Newcastle United,0,0,1,1,68,17,2,515,84,5,8,6,2,32,8,5,196,66,1,0,11,1,0.1176470588235294,2017,10,7,1.2,0.2
2017-10-14 14:30:00,Manchester United  ,1,0,0,0,62,19,5,500,86,7,5,7,3,38,6,1,267,75,3,0,13,1,0.2631578947368421,2017,10,6,1.0,0.2
2017-10-17 21:45:00,Maribor,0,1,7,0,70,26,14,694,90,9,8,11,3,30,5,2,247,74,0,0,10,3,0.5384615384615384,2017,10,2,2.4,0.2
2017-10-22 18:00:00,Tottenham,0,-1,1,4,64,12,7,545,87,5,4,8,2,36,14,6,274,76,3,1,2,1,0.5833333333333334,2017,10,7,2.0,0.4
2017-10-28 17:00:00,Huddersfield Town  ,1,1,3,0,73,16,8,660,86,9,5,10,0,27,1,0,174,62,2,0,8,1,0.5,2017,10,6,2.4,0.2
2017-11-01 22:45:00,Maribor  ,1,1,3,0,75,23,9,772,91,17,11,7,0,25,5,1,216,76,2,2,9,0,0.391304347826087,2017,11,3,2.8,0.4
2017-11-04 20:30:00,West Ham United,0,1,4,1,52,15,7,381,78,3,1,13,1,48,6,1,335,76,2,3,9,5,0.4666666666666667,2017,11,6,3.6,0.6
2017-11-18 18:00:00,Southampton  ,1,1,3,0,61,21,8,472,84,10,3,15,2,39,5,0,261,72,2,3,9,2,0.3809523809523809,2017,11,6,2.8,0.8
2017-11-21 22:45:00,Sevilla,0,0,3,3,30,13,7,190,62,7,3,19,1,70,11,6,616,84,6,2,10,11,0.5384615384615384,2017,11,2,3.2,0.8
2017-11-29 23:00:00,Stoke City,0,1,3,0,60,14,7,445,81,9,2,10,2,40,10,1,244,70,5,4,8,4,0.5,2017,11,3,2.8,0.8
2017-12-02 18:00:00,Brighton & Hove Albion,0,1,5,1,57,12,6,583,88,2,2,7,2,43,6,2,398,81,2,2,8,0,0.5,2017,12,6,3.0,0.8
2017-12-06 22:45:00,Spartak Moscow  ,1,1,7,0,53,17,10,492,86,4,2,16,2,47,13,5,418,81,2,1,11,3,0.5882352941176471,2017,12,3,3.8,0.8
2017-12-10 17:15:00,Everton  ,1,0,1,1,79,23,3,644,88,12,9,8,1,21,3,2,99,50,1,0,11,0,0.1304347826086956,2017,12,7,3.4,0.8
2017-12-13 23:00:00,West Bromwich  ,1,0,0,0,70,14,5,611,86,5,2,16,1,30,6,1,195,67,7,3,6,4,0.3571428571428572,2017,12,3,3.2,0.6
2017-12-17 19:30:00,Bournemouth,0,1,4,0,56,21,7,576,88,3,8,10,4,44,6,2,414,81,2,0,5,2,0.3333333333333333,2017,12,7,3.4,0.6
2017-12-22 22:45:00,Arsenal,0,0,3,3,46,14,9,334,77,8,5,11,1,54,11,4,380,76,7,2,9,3,0.6428571428571429,2017,12,5,3.0,0.6
2017-12-26 20:30:00,Swansea City  ,1,1,5,0,55,22,9,530,88,4,2,5,3,45,7,4,422,85,2,4,8,0,0.4090909090909091,2017,12,2,2.6,0.4
2017-12-30 18:00:00,Leicester City  ,1,1,2,1,61,18,6,456,81,7,1,7,4,39,7,1,258,70,1,0,3,3,0.3333333333333333,2017,12,6,2.8,0.4
2018-01-01 18:00:00,Burnley,0,1,2,1,58,19,5,410,80,9,8,12,2,42,13,4,266,71,3,5,4,1,0.2631578947368421,2018,1,1,2.0,0.6
2018-01-05 22:55:00,Everton  ,1,1,2,1,61,14,4,409,79,4,5,9,1,39,4,1,226,70,3,3,16,0,0.2857142857142857,2018,1,5,2.0,0.8
2018-01-14 19:00:00,Manchester City  ,1,1,4,3,36,16,7,277,75,5,1,10,3,64,11,4,571,86,6,3,7,3,0.4375,2018,1,7,2.666666667,0.8
2018-01-22 23:00:00,Swansea City,0,-1,0,1,72,21,4,662,88,9,5,9,1,28,3,2,204,69,3,1,5,1,0.1904761904761905,2018,1,1,2.0,1.0
2018-01-27 22:45:00,West Bromwich  ,1,-1,2,3,68,23,8,496,83,6,8,5,3,32,8,3,177,63,2,3,9,2,0.3478260869565217,2018,1,6,2.0,0.8
2018-01-30 23:00:00,Huddersfield Town,0,1,3,0,75,14,7,809,89,4,3,8,2,25,5,1,214,69,1,1,8,3,0.5,2018,1,2,2.2,0.6
2018-02-04 19:30:00,Tottenham  ,1,0,2,2,34,9,3,204,68,3,4,15,2,66,13,6,473,80,7,2,9,2,0.3333333333333333,2018,2,7,2.2,0.6
2018-02-11 19:30:00,Southampton,0,1,2,0,48,16,4,399,78,1,2,8,0,52,6,4,427,78,3,5,5,5,0.25,2018,2,7,1.8,0.4
2018-02-14 22:45:00,Porto,0,1,5,0,55,14,6,496,82,1,2,10,0,45,8,3,385,81,6,5,9,3,0.4285714285714285,2018,2,3,2.8,0.4
2018-02-24 18:00:00,West Ham United  ,1,1,4,1,68,21,12,609,86,8,6,7,1,32,7,4,235,70,2,0,7,2,0.5714285714285714,2018,2,6,3.2,0.6
2018-03-03 20:30:00,Newcastle United  ,1,1,2,0,71,14,3,658,85,8,7,7,4,29,7,2,208,66,3,2,9,1,0.2142857142857143,2018,3,6,3.0,0.8
2018-03-06 22:45:00,Porto  ,1,0,0,0,66,12,5,684,88,1,6,11,5,34,10,1,316,76,3,2,13,1,0.4166666666666667,2018,3,2,2.6,0.8
2018-03-10 15:30:00,Manchester United,0,-1,1,2,68,14,2,483,83,13,5,16,0,32,5,2,194,69,1,3,10,3,0.1428571428571428,2018,3,6,2.4,0.8
2018-03-17 20:30:00,Watford  ,1,1,5,0,58,13,10,476,82,6,4,5,6,42,4,1,304,72,0,2,4,3,0.7692307692307693,2018,3,6,2.4,0.6
2018-03-31 14:30:00,Crystal Palace,0,1,2,1,68,16,6,550,83,6,8,8,1,32,6,3,195,62,4,0,6,1,0.375,2018,3,6,2.0,0.6
2018-04-04 21:45:00,Manchester City  ,1,1,3,0,34,9,5,270,71,0,1,6,3,66,11,0,632,86,8,7,10,4,0.5555555555555556,2018,4,3,2.2,0.6
2018-04-07 14:30:00,Everton,0,0,0,0,62,10,3,472,80,2,2,7,1,38,6,1,245,68,3,4,12,4,0.3,2018,4,6,2.2,0.6
2018-04-10 21:45:00,Manchester City,0,1,2,1,32,5,3,211,68,2,1,7,0,68,20,3,547,85,9,2,5,8,0.6,2018,4,2,2.4,0.6
2018-04-14 19:30:00,Bournemouth  ,1,1,3,0,62,20,7,535,86,7,1,9,4,38,6,1,290,77,5,3,9,4,0.35,2018,4,6,2.0,0.8
2018-04-21 14:30:00,West Bromwich,0,0,2,2,62,9,3,494,84,4,4,5,2,38,13,6,242,70,7,10,12,1,0.3333333333333333,2018,4,6,2.0,0.8
2018-04-24 21:45:00,Roma  ,1,1,5,2,49,21,12,329,75,7,5,13,5,51,14,6,346,76,4,5,7,3,0.5714285714285714,2018,4,2,2.4,0.6
2018-04-28 14:30:00,Stoke City  ,1,0,0,0,72,20,2,525,83,9,4,7,2,28,5,1,141,56,2,0,14,2,0.1,2018,4,6,2.4,0.6
2018-05-02 21:45:00,Roma,0,-1,2,4,40,11,5,260,70,3,0,14,5,60,24,6,428,82,7,12,10,3,0.4545454545454545,2018,5,3,2.4,0.6
2018-05-06 18:30:00,Chelsea,0,-1,0,1,68,10,5,668,88,1,5,9,0,32,12,4,253,71,3,5,12,2,0.5,2018,5,7,1.8,0.4
2018-05-13 17:00:00,Brighton & Hove Albion  ,1,1,4,0,72,22,11,658,89,7,5,3,1,28,2,1,194,71,3,1,6,1,0.5,2018,5,7,2.2,0.2
2018-05-26 21:45:00,Real Madrid,0,-1,1,3,34,13,2,248,76,5,3,18,3,66,14,5,575,89,9,3,5,7,0.1538461538461539,2018,5,6,1.4,0.4
2018-07-07 17:00:00,Chester,0,1,7,0,73,22,12,541,89,5,3,10,10,27,4,2,142,64,2,0,17,1,0.5454545454545454,2018,7,6,2.8,0.2
2018-07-10 21:30:00,Tranmere Rovers,0,1,3,2,77,24,8,719,90,10,5,9,2,23,8,5,148,63,1,2,10,1,0.3333333333333333,2018,7,2,3.0,0.4
2018-07-14 17:00:00,Bury,0,0,0,0,76,17,6,612,87,9,8,13,1,24,3,1,133,60,2,3,13,2,0.3529411764705883,2018,7,6,3.0,0.6
2018-07-19 21:45:00,Blackburn Rovers,0,1,2,0,70,16,6,610,85,3,3,7,1,30,4,2,208,68,1,1,13,2,0.375,2018,7,4,2.6,0.6
2018-07-22 23:05:00,Borussia Dortmund  ,1,-1,1,3,48,8,5,468,86,6,4,10,3,55,1,0,108,84,1,0,0,0,0.625,2018,7,7,2.6,0.6
2018-07-26 03:05:00,Manchester City,0,1,2,1,53,17,5,406,83,3,4,11,2,47,8,5,364,81,2,1,12,2,0.2941176470588235,2018,7,4,1.2,0.6
2018-07-29 00:00:00,Manchester United,0,1,4,1,65,16,9,543,87,3,9,18,2,35,3,2,255,74,1,2,12,3,0.5625,2018,7,7,2.0,0.6
2018-08-04 20:00:00,Napoli  ,1,1,5,0,48,17,11,470,86,6,5,13,2,52,8,1,493,86,5,1,2,5,0.6470588235294118,2018,8,6,3.4,0.6
2018-08-07 21:30:00,Torino  ,1,1,3,1,68,15,8,670,88,6,1,8,0,32,5,2,275,77,0,3,9,2,0.5333333333333333,2018,8,2,3.6,0.8
2018-08-12 15:30:00,West Ham United  ,1,1,4,0,65,18,8,606,90,5,7,14,5,35,5,2,297,82,4,2,9,3,0.4444444444444444,2018,8,7,4.0,0.8
2018-08-20 22:00:00,Crystal Palace,0,1,2,0,63,16,6,559,89,7,3,13,2,37,8,2,280,78,6,4,6,2,0.375,2018,8,1,3.6,1.0
2018-08-25 19:30:00,Brighton & Hove Albion  ,1,1,1,0,70,22,8,669,87,8,4,8,1,30,6,2,238,73,5,5,14,3,0.3636363636363636,2018,8,6,3.0,1.0
2018-09-01 14:30:00,Leicester City,0,1,2,1,49,10,4,374,79,4,3,12,2,51,12,5,401,81,4,4,9,3,0.4,2018,9,6,2.4,1.0
2018-09-15 14:30:00,Tottenham,0,1,2,1,40,17,10,267,75,4,2,16,2,60,11,3,443,81,5,2,17,3,0.5882352941176471,2018,9,6,2.2,1.0
2018-09-18 22:00:00,Paris Saint-Germain  ,1,1,3,2,52,17,7,409,83,13,8,14,1,48,9,5,414,88,1,0,10,2,0.4117647058823529,2018,9,2,2.0,1.0
2018-09-22 17:00:00,Southampton  ,1,1,3,0,61,12,4,648,86,5,3,7,4,39,7,1,388,81,4,3,10,1,0.3333333333333333,2018,9,6,2.2,1.0
2018-09-26 21:45:00,Chelsea  ,1,-1,1,2,46,18,7,385,83,4,4,16,3,54,13,7,470,86,3,3,10,5,0.3888888888888889,2018,9,3,2.2,1.0
2018-09-29 19:30:00,Chelsea,0,0,1,1,53,13,6,516,84,4,7,9,2,47,10,4,465,83,4,3,7,2,0.4615384615384616,2018,9,6,2.0,0.8
2018-10-03 22:00:00,Napoli,0,-1,0,1,43,4,0,411,80,1,0,9,1,57,14,5,578,86,5,7,12,7,0.0,2018,10,3,1.6,0.6
2018-10-07 18:30:00,Manchester City  ,1,0,0,0,49,7,2,430,83,2,4,10,2,51,6,2,439,83,6,1,10,5,0.2857142857142857,2018,10,7,1.0,0.4
2018-10-20 19:30:00,Huddersfield Town,0,1,1,0,52,11,2,473,81,4,3,6,2,48,13,1,419,80,2,7,9,3,0.1818181818181818,2018,10,6,0.6,0.2
2018-10-24 22:00:00,Kızılyıldız  ,1,1,4,0,65,21,11,549,82,4,3,10,4,35,4,0,238,69,1,3,20,2,0.5238095238095238,2018,10,3,1.2,0.2
2018-10-27 17:00:00,Cardiff City  ,1,1,4,1,80,19,7,727,89,8,5,6,0,20,2,1,122,59,0,0,4,4,0.3684210526315789,2018,10,6,1.8,0.4
2018-11-03 20:30:00,Arsenal,0,0,1,1,38,13,4,276,78,8,3,7,1,62,12,4,501,85,5,5,7,7,0.3076923076923077,2018,11,6,2.0,0.6
2018-11-06 20:55:00,Kızılyıldız,0,-1,0,2,72,23,4,525,82,9,6,9,4,28,10,4,149,58,5,4,8,0,0.1739130434782609,2018,11,2,2.0,0.6
2018-11-11 15:00:00,Fulham  ,1,1,2,0,73,21,7,631,87,6,4,11,2,27,8,3,186,71,3,0,9,5,0.3333333333333333,2018,11,7,2.2,0.6
2018-11-24 18:00:00,Watford,0,1,3,0,64,10,7,526,83,5,6,13,4,36,5,1,250,69,5,3,12,4,0.7,2018,11,6,2.0,0.6
2018-11-28 23:00:00,Paris Saint-Germain,0,-1,1,2,56,8,1,437,84,5,3,20,1,44,12,8,333,81,5,1,12,5,0.125,2018,11,3,1.4,0.6
2018-12-02 19:15:00,Everton  ,1,1,1,0,58,16,3,415,80,8,5,12,1,42,9,3,282,73,1,4,7,3,0.1875,2018,12,7,1.4,0.4
2018-12-05 22:45:00,Burnley,0,1,3,1,74,18,12,582,85,9,5,3,3,26,10,6,136,60,5,2,10,6,0.6666666666666666,2018,12,3,2.0,0.6
2018-12-08 15:30:00,Bournemouth,0,1,4,0,60,10,4,531,84,6,2,11,2,40,8,2,328,77,6,2,9,3,0.4,2018,12,6,2.4,0.8
2018-12-11 23:00:00,Napoli  ,1,1,1,0,48,23,5,395,79,3,7,16,5,52,8,3,414,76,3,1,6,4,0.2173913043478261,2018,12,2,2.0,0.8
2018-12-16 19:00:00,Manchester United  ,1,1,3,1,64,36,11,458,81,13,6,6,2,36,6,2,211,66,2,1,14,3,0.3055555555555556,2018,12,7,2.4,0.8
2018-12-21 23:00:00,Wolverhampton,0,1,2,0,62,15,6,574,85,10,2,3,2,38,11,5,316,75,1,2,7,4,0.4,2018,12,5,2.6,1.0
2018-12-26 18:00:00,Newcastle United  ,1,1,4,0,75,16,8,629,87,10,5,7,1,25,6,2,146,63,2,5,10,1,0.5,2018,12,3,2.8,1.0
2018-12-29 20:30:00,Arsenal  ,1,1,5,1,48,15,10,424,83,5,2,8,2,52,8,2,464,84,3,1,13,5,0.6666666666666666,2018,12,6,3.0,1.0
2019-01-03 23:00:00,Manchester City,0,-1,1,2,50,7,5,461,79,1,4,7,1,50,9,4,468,81,2,1,12,2,0.7142857142857143,2019,1,4,1.0,1.0
2019-01-07 22:45:00,Wolverhampton,0,-1,1,2,61,8,2,542,87,3,2,2,3,39,8,3,318,78,3,2,10,5,0.25,2019,1,1,1.0,0.8
2019-01-12 18:00:00,Brighton & Hove Albion,0,1,1,0,71,10,3,642,85,7,6,5,0,29,7,0,205,68,2,4,15,5,0.3,2019,1,6,1.0,0.6
2019-01-19 18:00:00,Crystal Palace  ,1,1,4,3,71,19,9,633,86,8,8,6,1,29,9,3,212,70,3,3,8,3,0.4736842105263158,2019,1,6,1.75,0.6
2019-01-30 23:00:00,Leicester City  ,1,0,1,1,72,10,3,676,87,7,5,13,4,28,5,2,196,65,1,3,6,3,0.3,2019,1,3,1.6,0.6
2019-02-04 23:00:00,West Ham United,0,0,1,1,73,11,6,583,84,5,4,11,3,27,13,2,159,65,2,2,9,1,0.5454545454545454,2019,2,1,1.6,0.4
2019-02-09 18:00:00,Bournemouth  ,1,1,3,0,66,20,9,627,89,8,3,14,1,34,12,2,279,77,5,4,6,2,0.45,2019,2,6,2.0,0.4
2019-02-19 23:00:00,Bayern München  ,1,0,0,0,49,15,2,393,78,5,6,10,1,51,9,0,434,83,6,3,13,2,0.1333333333333333,2019,2,2,1.8,0.6
2019-02-24 17:05:00,Manchester United,0,0,0,0,65,7,1,478,85,7,3,17,1,35,6,3,233,74,3,2,15,3,0.1428571428571428,2019,2,7,1.0,0.4
2019-02-27 23:00:00,Watford  ,1,1,5,0,62,19,10,534,85,6,6,5,1,38,5,3,300,77,4,0,7,2,0.5263157894736842,2019,2,3,1.8,0.2
2019-03-03 19:15:00,Everton,0,0,0,0,58,10,3,358,76,7,5,10,4,42,7,3,216,63,3,7,12,2,0.3,2019,3,7,1.6,0.4
2019-03-10 15:00:00,Burnley  ,1,1,4,2,69,23,5,524,81,7,4,4,2,31,3,2,179,62,3,2,7,7,0.2173913043478261,2019,3,7,1.8,0.4
2019-03-13 23:00:00,Bayern München,0,1,3,1,42,10,6,303,74,7,2,14,2,58,7,2,467,82,2,0,7,5,0.6,2019,3,3,2.4,0.4
2019-03-17 17:15:00,Fulham,0,1,2,1,63,16,6,501,84,10,7,7,1,37,7,2,274,75,1,1,11,4,0.375,2019,3,7,2.8,0.6
2019-03-31 18:30:00,Tottenham  ,1,1,2,1,49,14,3,358,80,10,7,5,2,51,11,2,392,81,3,1,8,2,0.2142857142857143,2019,3,7,2.2,0.8
2019-04-05 22:00:00,Southampton,0,1,3,1,67,17,5,465,82,5,8,7,3,33,11,1,175,64,7,7,8,3,0.2941176470588235,2019,4,5,2.8,0.8
2019-04-09 22:00:00,Porto  ,1,1,2,0,64,15,3,536,83,4,2,9,4,36,8,3,230,67,5,2,7,2,0.2,2019,4,2,2.4,1.0
2019-04-14 18:30:00,Chelsea  ,1,1,2,0,62,15,7,557,86,9,3,5,2,38,6,3,322,80,2,1,9,2,0.4666666666666667,2019,4,7,2.2,1.0
2019-04-17 22:00:00,Porto,0,1,4,1,49,13,5,317,74,3,5,13,2,51,19,8,330,76,6,9,16,2,0.3846153846153846,2019,4,3,2.6,1.0
2019-04-21 18:00:00,Cardiff City,0,1,2,0,76,17,6,535,86,10,8,5,2,24,7,2,106,55,5,3,6,4,0.3529411764705883,2019,4,7,2.6,1.0
2019-04-26 22:00:00,Huddersfield Town  ,1,1,5,0,70,21,7,638,88,4,3,5,2,30,5,1,211,69,4,1,14,4,0.3333333333333333,2019,4,5,3.0,1.0
2019-05-01 22:00:00,Barcelona,0,-1,0,3,52,15,4,458,83,5,6,15,1,48,12,5,428,84,3,2,11,2,0.2666666666666667,2019,5,3,2.6,1.0
2019-05-04 21:45:00,Newcastle United,0,1,3,2,69,11,4,567,84,3,5,4,2,31,14,7,204,69,2,4,10,4,0.3636363636363636,2019,5,6,2.8,0.8
2019-05-07 22:00:00,Barcelona  ,1,1,4,0,43,13,7,329,78,7,5,12,1,57,8,5,479,83,6,2,9,2,0.5384615384615384,2019,5,2,2.8,0.8
2019-05-12 17:00:00,Wolverhampton  ,1,1,2,0,59,13,5,509,84,4,3,3,3,41,7,2,324,76,1,0,11,1,0.3846153846153846,2019,5,7,2.8,0.8
2019-06-01 22:00:00,Tottenham,0,1,2,0,35,14,3,175,64,9,1,6,2,65,16,8,408,80,8,6,5,3,0.2142857142857143,2019,6,6,2.2,0.8
2019-07-11 21:30:00,Tranmere Rovers,0,1,6,0,69,19,11,680,90,4,4,7,1,31,5,4,271,79,1,1,12,4,0.5789473684210527,2019,7,4,3.4,0.8
2019-07-14 17:00:00,Bradford City,0,1,3,1,77,19,6,818,91,12,4,10,1,23,2,1,200,75,0,0,6,3,0.3157894736842105,2019,7,7,3.4,1.0
2019-07-20 03:00:00,Borussia Dortmund  ,1,-1,2,3,44,12,5,478,88,4,3,8,2,56,9,6,633,89,2,1,5,4,0.4166666666666667,2019,7,6,3.0,1.0
2019-07-22 01:00:00,Sevilla  ,1,-1,1,2,53,9,3,386,83,5,2,10,1,47,15,6,337,83,5,7,15,1,0.3333333333333333,2019,7,1,2.8,0.8
2019-07-25 03:05:00,Sporting CP  ,1,0,2,2,55,16,5,453,84,10,8,15,0,45,11,5,369,83,5,1,11,1,0.3125,2019,7,4,2.8,0.6
2019-07-28 19:00:00,Napoli  ,1,-1,0,3,59,12,3,595,90,10,2,16,3,41,8,7,412,86,3,1,6,7,0.25,2019,7,7,1.6,0.4
2019-07-31 20:00:00,Lyon  ,1,1,3,1,62,15,8,627,90,5,4,12,2,38,6,3,353,84,1,2,10,4,0.5333333333333333,2019,7,3,1.6,0.2
2019-08-04 17:00:00,Manchester City  ,1,0,1,1,50,16,9,516,86,7,3,4,1,50,9,4,580,89,2,5,8,3,0.5625,2019,8,7,1.4,0.2
2019-08-09 22:00:00,Norwich City  ,1,1,4,1,58,15,7,387,81,11,5,9,0,42,12,5,278,77,2,1,9,5,0.4666666666666667,2019,8,5,2.0,0.2
2019-08-14 22:00:00,Chelsea  ,1,0,2,2,52,21,11,572,82,8,10,10,2,48,20,6,519,82,7,2,12,10,0.5238095238095238,2019,8,3,2.0,0.4
2019-08-17 17:00:00,Southampton,0,1,2,1,64,15,6,414,78,9,2,6,1,36,14,3,192,65,5,5,10,4,0.4,2019,8,6,2.2,0.4
2019-08-24 19:30:00,Arsenal  ,1,1,3,1,52,25,5,474,86,6,7,8,1,48,9,3,447,87,4,2,5,4,0.2,2019,8,6,2.6,0.6
2019-08-31 19:30:00,Burnley,0,1,3,0,64,15,7,442,78,4,2,16,1,36,7,2,193,61,6,2,10,5,0.4666666666666667,2019,8,6,2.4,0.6
2019-09-14 14:30:00,Newcastle United  ,1,1,3,1,75,21,9,764,90,10,10,5,2,25,8,1,205,73,1,3,4,8,0.4285714285714285,2019,9,6,2.6,0.8
2019-09-17 22:00:00,Napoli,0,-1,0,2,52,13,4,484,85,6,4,10,1,48,10,5,437,85,7,5,4,4,0.3076923076923077,2019,9,2,2.2,0.8
2019-09-22 18:30:00,Chelsea,0,1,2,1,45,6,3,303,73,4,4,13,1,55,13,2,394,80,6,6,8,7,0.5,2019,9,7,2.2,0.8
2019-09-25 21:45:00,Milton Keynes Dons,0,1,2,0,78,19,6,738,89,2,3,7,2,22,10,2,135,62,7,4,6,7,0.3157894736842105,2019,9,3,2.0,0.8
2019-09-28 14:30:00,Sheffield United,0,1,1,0,70,16,4,609,86,5,2,4,1,30,12,2,192,66,6,7,8,0,0.25,2019,9,6,1.6,0.8
2019-10-02 22:00:00,Salzburg  ,1,1,4,3,70,10,5,645,84,6,4,7,1,30,10,5,232,70,2,3,12,4,0.5,2019,10,3,1.8,0.8
2019-10-05 17:00:00,Leicester City  ,1,1,2,1,51,18,8,386,78,4,5,9,3,49,2,1,355,74,6,1,17,2,0.4444444444444444,2019,10,6,2.2,0.8
2019-10-20 18:30:00,Manchester United,0,0,1,1,68,10,4,547,84,1,5,14,1,32,7,2,199,67,3,2,6,4,0.4,2019,10,7,2.0,1.0
2019-10-23 22:00:00,Genk,0,1,4,1,74,17,7,686,89,7,3,14,2,26,8,4,183,73,2,5,6,6,0.4117647058823529,2019,10,3,2.4,0.8
2019-10-27 19:30:00,Tottenham  ,1,1,2,1,68,21,13,528,84,8,10,9,0,32,11,4,200,67,3,4,11,4,0.6190476190476191,2019,10,7,2.6,0.8
2019-10-30 22:30:00,Arsenal  ,1,0,5,5,66,15,6,548,86,6,4,8,1,34,13,7,237,72,4,1,14,0,0.4,2019,10,3,2.8,0.8
2019-11-02 18:00:00,Aston Villa,0,1,2,1,74,25,6,533,84,10,9,9,2,26,4,2,132,58,2,2,12,3,0.24,2019,11,6,2.8,0.6
2019-11-05 23:00:00,Genk  ,1,1,2,1,72,27,8,687,87,9,4,10,3,28,6,3,204,67,1,4,4,5,0.2962962962962963,2019,11,2,3.0,0.6
2019-11-10 19:30:00,Manchester City  ,1,1,3,1,45,12,5,324,78,4,5,10,3,55,18,3,425,84,13,5,5,5,0.4166666666666667,2019,11,7,2.8,0.8
2019-11-23 18:00:00,Crystal Palace,0,1,2,1,60,12,4,416,82,8,5,7,0,40,16,6,246,75,9,8,8,3,0.3333333333333333,2019,11,6,2.8,0.8
2019-11-27 23:00:00,Napoli  ,1,0,1,1,72,15,5,646,88,10,7,15,0,28,4,1,209,71,2,0,5,3,0.3333333333333333,2019,11,3,2.0,0.8
2019-11-30 18:00:00,Brighton & Hove Albion  ,1,1,2,1,45,15,7,388,80,4,2,3,1,55,12,5,497,84,5,5,10,6,0.4666666666666667,2019,11,6,2.0,0.8
2019-12-04 23:15:00,Everton  ,1,1,5,2,58,11,5,406,81,5,2,13,3,42,12,4,245,72,6,4,17,3,0.4545454545454545,2019,12,3,2.6,0.8
2019-12-07 18:00:00,Bournemouth,0,1,3,0,74,21,9,759,89,3,3,6,1,26,3,0,198,65,1,1,5,5,0.4285714285714285,2019,12,6,2.6,0.8
2019-12-10 20:55:00,Salzburg,0,1,2,0,57,22,7,473,81,4,4,4,1,43,11,7,332,76,2,1,9,3,0.3181818181818182,2019,12,2,2.6,0.8
2019-12-14 15:30:00,Watford  ,1,1,2,0,68,16,6,538,83,6,0,8,5,32,8,2,198,64,3,1,6,4,0.375,2019,12,6,2.8,0.8
2019-12-17 22:45:00,Aston Villa,0,-1,0,5,57,15,8,550,86,7,3,8,1,43,11,7,392,84,2,1,4,5,0.5333333333333333,2019,12,2,2.4,1.0
2019-12-18 20:30:00,Monterrey,0,1,2,1,68,12,6,568,88,4,8,13,2,32,16,8,212,72,4,7,9,3,0.5,2019,12,3,1.8,0.8
2019-12-21 20:30:00,Flamengo  ,1,1,1,0,47,18,6,484,81,5,4,22,3,53,15,3,551,82,7,4,16,6,0.3333333333333333,2019,12,6,1.4,0.8
2019-12-26 23:00:00,Leicester City,0,1,4,0,59,15,6,506,86,8,11,7,3,41,3,0,345,82,2,0,5,6,0.4,2019,12,4,1.8,0.8
2019-12-29 19:30:00,Wolverhampton  ,1,1,1,0,63,10,3,522,86,5,5,7,2,37,10,2,258,73,6,4,3,5,0.3,2019,12,7,1.6,0.8
2020-01-02 23:00:00,Sheffield United  ,1,1,2,0,75,19,7,876,90,8,3,5,1,25,3,2,239,73,4,3,8,3,0.3684210526315789,2020,1,4,2.0,0.8
2020-01-05 19:01:00,Everton  ,1,1,1,0,57,12,5,406,81,12,4,5,0,43,11,3,274,73,5,7,8,2,0.4166666666666667,2020,1,7,1.5,1.0
2020-01-11 20:30:00,Tottenham,0,1,1,0,67,13,7,683,87,3,4,8,2,33,14,4,298,78,4,5,4,2,0.5384615384615384,2020,1,6,1.333333333,1.0
2020-01-19 19:30:00,Manchester United  ,1,1,2,0,53,16,5,403,79,11,5,7,2,47,9,4,360,79,5,3,10,3,0.3125,2020,1,7,1.5,1.0
2020-01-23 23:00:00,Wolverhampton,0,1,2,1,54,13,6,495,83,4,7,11,0,46,10,3,412,82,2,7,6,2,0.4615384615384616,2020,1,4,1.6,1.0
2020-01-26 20:00:00,Shrewsbury,0,0,2,2,70,14,4,531,83,3,4,10,1,30,11,5,165,62,4,2,10,8,0.2857142857142857,2020,1,7,1.6,1.0
2020-01-29 22:45:00,West Ham United,0,1,2,0,71,13,5,735,89,7,5,6,0,29,7,4,238,72,3,6,6,1,0.3846153846153846,2020,1,3,1.8,0.8
2020-02-01 18:00:00,Southampton  ,1,1,4,0,62,16,9,403,76,6,0,9,2,38,17,4,205,64,11,6,15,5,0.5625,2020,2,6,2.4,0.8
2020-02-04 22:45:00,Shrewsbury  ,1,1,1,0,70,14,4,488,80,14,3,1,1,30,4,0,153,59,3,2,14,4,0.2857142857142857,2020,2,2,2.2,0.8
2020-02-15 20:30:00,Norwich City,0,1,1,0,63,17,6,524,84,7,4,11,0,37,5,1,268,72,2,2,5,1,0.3529411764705883,2020,2,6,2.0,0.8
2020-02-18 23:00:00,Atletico Madrid,0,-1,0,1,73,8,0,620,85,7,5,13,1,27,7,2,187,68,2,2,11,5,0.0,2020,2,2,1.6,0.8
2020-02-24 23:00:00,West Ham United  ,1,1,3,2,69,25,7,530,85,16,12,4,2,31,7,4,177,66,8,7,10,2,0.28,2020,2,1,1.8,0.8
2020-02-29 20:30:00,Watford,0,-1,0,3,71,7,1,620,85,5,1,8,1,29,14,5,198,66,3,3,4,5,0.1428571428571428,2020,2,6,1.0,0.8
2020-03-03 22:45:00,Chelsea,0,-1,0,2,58,14,5,443,82,10,9,13,2,42,17,7,299,74,4,3,12,3,0.3571428571428572,2020,3,2,0.8,0.6
2020-03-07 15:30:00,Bournemouth  ,1,1,2,1,74,14,6,621,85,9,4,10,1,26,6,4,149,61,4,3,12,5,0.4285714285714285,2020,3,6,1.0,0.4
2020-03-11 23:00:00,Atletico Madrid  ,1,-1,2,3,71,34,11,713,83,16,15,17,2,29,10,6,213,59,3,1,17,4,0.3235294117647059,2020,3,3,1.4,0.4
2020-06-21 21:00:00,Everton,0,0,0,0,70,10,3,505,85,6,4,12,1,30,8,3,172,67,1,2,15,2,0.3,2020,6,7,0.8,0.4
2020-06-24 22:15:00,Crystal Palace  ,1,1,4,0,73,21,7,789,89,6,5,7,0,27,3,0,235,71,0,0,5,1,0.3333333333333333,2020,6,3,1.6,0.2
2020-07-02 22:15:00,Manchester City,0,-1,0,4,53,11,3,475,86,3,3,7,2,47,14,6,412,84,3,4,8,3,0.2727272727272727,2020,7,4,1.6,0.4
2020-07-05 18:30:00,Aston Villa  ,1,1,2,0,71,6,4,566,84,7,3,18,1,29,9,3,175,67,5,3,8,5,0.6666666666666666,2020,7,7,1.6,0.4
2020-07-08 22:15:00,Brighton & Hove Albion,0,1,3,1,56,20,8,395,83,10,6,15,0,44,12,2,300,79,6,4,7,5,0.4,2020,7,3,1.8,0.4
2020-07-11 17:00:00,Burnley  ,1,0,1,1,71,23,9,564,86,11,3,7,2,29,6,2,158,60,6,0,4,3,0.391304347826087,2020,7,6,2.0,0.6
2020-07-15 22:15:00,Arsenal,0,-1,1,2,69,24,8,522,85,13,9,10,4,31,3,2,183,64,2,0,14,5,0.3333333333333333,2020,7,3,1.4,0.6
2020-07-22 22:15:00,Chelsea  ,1,1,5,3,50,10,7,474,81,6,4,8,0,50,10,5,481,84,0,3,11,3,0.7,2020,7,3,2.4,0.4
2020-07-26 18:00:00,Newcastle United,0,1,3,1,75,14,6,705,89,4,4,5,1,25,3,2,175,66,2,0,11,3,0.4285714285714285,2020,7,7,2.6,0.6
2020-08-22 19:00:00,Stuttgart  ,1,1,3,0,59,10,6,444,89,5,1,11,3,41,14,4,298,78,5,1,10,7,0.6,2020,8,6,2.6,0.6
2020-08-25 17:00:00,Salzburg,0,0,2,2,65,11,4,508,82,10,4,9,1,35,17,3,235,70,6,3,17,5,0.3636363636363636,2020,8,2,2.8,0.6
2020-08-29 18:30:00,Arsenal,0,0,1,1,59,15,4,462,84,5,1,9,1,41,8,2,496,88,5,1,8,2,0.2666666666666667,2020,8,6,2.8,0.6
2020-09-05 17:00:00,Blackpool  ,1,1,7,2,67,26,14,586,86,7,5,12,6,33,4,3,235,72,6,0,6,1,0.5384615384615384,2020,9,6,3.2,0.6
2020-09-12 19:30:00,Leeds United  ,1,1,4,3,49,22,6,328,76,9,4,9,2,51,6,3,347,76,0,3,6,5,0.2727272727272727,2020,9,6,3.4,0.6
2020-09-20 18:30:00,Chelsea,0,1,2,0,61,18,6,681,89,11,4,6,1,39,5,3,412,84,1,2,10,1,0.3333333333333333,2020,9,7,3.2,0.6
2020-09-24 21:45:00,Lincoln City,0,1,7,2,71,23,12,613,91,8,3,15,0,29,13,7,185,71,9,5,11,5,0.5217391304347826,2020,9,4,4.2,0.6
2020-09-28 22:00:00,Arsenal  ,1,1,3,1,66,21,8,683,88,7,3,11,0,34,4,3,299,76,3,0,7,5,0.3809523809523809,2020,9,1,4.6,0.8
2020-10-01 21:45:00,Arsenal  ,1,0,0,0,56,16,7,421,80,8,5,15,3,44,6,2,308,75,1,3,10,4,0.4375,2020,10,4,3.2,1.0
2020-10-04 21:15:00,Aston Villa,0,-1,2,7,70,14,8,554,85,7,2,10,1,30,18,11,194,68,2,2,7,2,0.5714285714285714,2020,10,7,2.8,0.8
2020-10-17 14:30:00,Everton,0,0,2,2,58,22,8,437,83,5,4,9,3,42,11,5,284,75,2,5,15,2,0.3636363636363636,2020,10,6,2.8,0.6
2020-10-21 22:00:00,Ajax,0,1,1,0,52,16,6,398,75,9,5,9,1,48,12,5,366,74,3,4,10,2,0.375,2020,10,3,1.6,0.4
2020-10-24 22:00:00,Sheffield United  ,1,1,2,1,62,17,5,589,86,7,6,7,2,38,13,2,309,76,3,4,15,0,0.2941176470588235,2020,10,6,1.4,0.4
2020-10-27 23:00:00,Midtjylland  ,1,1,2,0,63,9,2,522,85,3,2,11,1,37,5,1,258,73,2,5,11,1,0.2222222222222222,2020,10,2,1.8,0.4
2020-10-31 20:30:00,West Ham United  ,1,1,2,1,72,9,5,731,88,1,2,13,1,28,4,3,210,69,2,3,14,0,0.5555555555555556,2020,10,6,1.8,0.6
2020-11-03 23:00:00,Atalanta,0,1,5,0,56,15,12,523,87,7,2,16,2,44,9,6,373,82,6,5,6,4,0.8,2020,11,2,2.4,0.8
2020-11-08 19:30:00,Manchester City,0,0,1,1,45,10,3,375,82,2,1,11,5,55,7,2,472,85,1,1,19,2,0.3,2020,11,7,2.4,1.0
2020-11-22 22:15:00,Leicester City  ,1,1,3,0,56,24,13,488,85,10,8,15,2,44,11,4,346,78,3,3,6,1,0.5416666666666666,2020,11,7,2.6,0.8
2020-11-25 23:00:00,Atalanta  ,1,-1,0,2,54,4,0,538,85,2,1,12,2,46,8,4,457,83,2,2,15,2,0.0,2020,11,3,2.2,0.8
2020-11-28 15:30:00,Brighton & Hove Albion,0,0,1,1,60,6,2,428,81,3,2,13,2,40,11,3,272,77,4,3,9,2,0.3333333333333333,2020,11,6,2.0,0.6
2020-12-01 23:00:00,Ajax  ,1,1,1,0,44,15,5,343,81,1,6,15,2,56,11,4,450,83,6,6,10,7,0.3333333333333333,2020,12,2,1.2,0.4
2020-12-06 22:15:00,Wolverhampton  ,1,1,4,0,61,11,6,564,90,4,3,8,1,39,9,3,333,84,6,6,14,3,0.5454545454545454,2020,12,7,1.8,0.4
2020-12-09 20:55:00,Midtjylland,0,0,1,1,50,7,4,337,75,3,5,11,3,50,20,7,324,76,9,6,7,5,0.5714285714285714,2020,12,3,1.4,0.6
2020-12-13 19:30:00,Fulham,0,0,1,1,75,12,6,614,87,8,4,5,2,25,10,5,153,67,6,3,9,2,0.5,2020,12,7,1.6,0.4
2020-12-16 23:00:00,Tottenham  ,1,1,2,1,76,17,11,718,88,7,3,8,2,24,8,2,156,61,4,1,9,0,0.6470588235294118,2020,12,3,1.8,0.4
2020-12-19 15:30:00,Crystal Palace,0,1,7,0,65,14,8,649,87,4,3,11,0,35,5,3,300,76,5,4,5,7,0.5714285714285714,2020,12,6,3.0,0.6
2020-12-27 19:30:00,West Bromwich  ,1,0,1,1,78,11,1,477,88,3,8,6,0,22,2,1,83,57,0,1,3,3,0.09090909090909091,2020,12,7,2.4,0.6
2020-12-30 23:00:00,Newcastle United,0,0,0,0,73,11,4,571,86,12,8,13,4,27,8,2,159,66,5,4,9,2,0.3636363636363636,2020,12,3,2.2,0.4
2021-01-04 23:00:00,Southampton,0,-1,0,1,67,17,1,543,80,10,15,12,1,33,7,3,233,66,1,0,5,6,0.05882352941176471,2021,1,1,0.0,0.4
2021-01-08 22:45:00,Aston Villa,0,1,4,1,83,29,13,685,89,18,13,7,1,17,2,1,83,53,2,0,2,1,0.4482758620689655,2021,1,5,2.0,0.4
2021-01-17 19:30:00,Manchester United  ,1,0,0,0,66,17,3,576,86,7,3,15,1,34,8,4,252,73,3,4,6,8,0.1764705882352941,2021,1,7,1.333333333,0.4
2021-01-21 23:00:00,Burnley  ,1,-1,0,1,72,27,6,588,86,12,3,11,1,28,6,4,183,67,0,1,8,6,0.2222222222222222,2021,1,4,1.0,0.2
2021-01-24 20:00:00,Manchester United,0,-1,2,3,58,14,6,495,86,5,0,9,0,42,14,6,324,80,4,5,8,0,0.4285714285714285,2021,1,7,1.2,0.2
2021-01-28 23:00:00,Tottenham,0,1,3,1,50,14,7,504,86,2,3,11,2,50,3,2,498,84,1,0,9,2,0.5,2021,1,4,1.8,0.2
2021-01-31 19:30:00,West Ham United,0,1,3,1,67,14,5,700,89,4,2,8,1,33,8,2,280,77,6,5,7,2,0.3571428571428572,2021,1,7,1.6,0.4
2021-02-03 23:15:00,Brighton & Hove Albion  ,1,-1,0,1,63,11,1,599,86,5,3,12,0,37,13,4,302,75,3,6,6,3,0.09090909090909091,2021,2,3,1.6,0.4
2021-02-07 19:30:00,Manchester City  ,1,-1,1,4,56,8,3,573,88,6,3,13,1,44,8,5,444,86,1,0,8,2,0.375,2021,2,7,1.8,0.4
2021-02-13 15:30:00,Leicester City,0,-1,1,3,62,15,4,465,83,12,2,6,1,38,11,6,247,69,2,2,7,2,0.2666666666666667,2021,2,6,1.6,0.4
2021-02-16 23:00:00,RB Leipzig,0,1,2,0,52,10,3,438,80,2,3,11,1,48,12,2,377,77,4,4,11,7,0.3,2021,2,2,1.4,0.4
2021-02-20 20:30:00,Everton  ,1,-1,0,2,71,15,6,609,88,7,5,10,2,29,9,6,190,68,2,2,10,2,0.4,2021,2,6,0.8,0.4
2021-02-28 22:15:00,Sheffield United,0,1,2,0,61,16,8,533,84,3,4,9,1,39,8,2,304,75,4,5,9,3,0.5,2021,2,7,1.2,0.2
2021-03-04 23:15:00,Chelsea  ,1,-1,0,1,54,7,1,571,87,5,2,9,1,46,11,5,469,85,2,0,8,4,0.1428571428571428,2021,3,4,1.0,0.4
2021-03-07 17:00:00,Fulham  ,1,-1,0,1,63,16,3,594,84,9,8,10,3,37,10,3,321,78,4,3,8,1,0.1875,2021,3,7,0.8,0.4
2021-03-10 23:00:00,RB Leipzig  ,1,1,2,0,40,12,7,313,72,5,4,18,4,60,11,2,529,83,1,3,7,3,0.5833333333333334,2021,3,3,0.8,0.4
2021-03-15 23:00:00,Wolverhampton,0,1,1,0,47,12,4,354,76,2,3,10,1,53,10,5,402,79,3,6,17,2,0.3333333333333333,2021,3,1,1.0,0.4
2021-04-03 22:00:00,Arsenal,0,1,3,0,64,16,7,608,86,2,7,10,3,36,3,2,300,76,1,1,10,0,0.4375,2021,4,6,1.2,0.6
2021-04-06 22:00:00,Real Madrid,0,-1,1,3,54,7,1,520,86,3,1,11,0,46,16,7,415,82,5,2,6,3,0.1428571428571428,2021,4,2,1.4,0.6
2021-04-10 17:00:00,Aston Villa  ,1,1,2,1,66,23,10,480,83,7,3,16,2,34,9,5,202,68,0,3,11,2,0.4347826086956522,2021,4,6,1.8,0.6
2021-04-14 22:00:00,Real Madrid  ,1,0,0,0,56,15,4,508,83,11,10,10,1,44,6,2,394,78,3,2,5,1,0.2666666666666667,2021,4,3,1.4,0.8
2021-04-19 22:00:00,Leeds United,0,0,1,1,38,17,7,250,78,8,4,15,4,62,12,5,440,84,10,4,7,0,0.4117647058823529,2021,4,1,1.4,0.6
2021-04-24 14:30:00,Newcastle United  ,1,0,1,1,68,22,9,718,91,6,7,9,1,32,7,4,282,81,3,4,7,4,0.4090909090909091,2021,4,6,1.0,0.4
2021-05-08 22:15:00,Southampton  ,1,1,2,0,54,14,6,486,87,8,5,10,4,46,12,6,401,84,4,3,6,1,0.4285714285714285,2021,5,6,1.2,0.2
2021-05-13 22:15:00,Manchester United,0,1,4,2,47,17,8,358,79,4,2,12,1,53,18,3,403,79,6,8,10,1,0.4705882352941176,2021,5,4,1.6,0.4
2021-05-16 18:30:00,West Bromwich,0,1,2,1,76,26,6,610,87,13,8,14,2,24,9,3,120,60,9,6,7,3,0.2307692307692308,2021,5,7,2.0,0.4
2021-05-19 22:15:00,Burnley,0,1,3,0,59,20,3,496,85,7,3,7,1,41,10,4,302,78,6,3,10,1,0.15,2021,5,3,2.4,0.6
2021-05-23 18:00:00,Crystal Palace  ,1,1,2,0,70,19,5,502,85,14,8,10,2,30,5,4,161,61,1,2,8,1,0.2631578947368421,2021,5,7,2.6,0.8
2021-07-23 19:15:00,Mainz 05  ,1,1,1,0,56,12,2,426,84,7,4,14,5,44,15,4,321,78,10,5,9,6,0.1666666666666667,2021,7,5,2.4,1.0
2021-07-29 21:20:00,Hertha Berlin  ,1,-1,3,4,57,17,9,399,81,5,10,12,3,43,7,5,400,85,2,9,12,2,0.5294117647058824,2021,7,4,2.2,1.0
2021-08-08 18:30:00,Athletic Bilbao  ,1,0,1,1,61,14,6,437,84,8,8,9,2,39,11,4,235,73,3,2,12,3,0.4285714285714285,2021,8,7,2.0,0.8
2021-08-09 21:20:00,Osasuna  ,1,1,3,1,70,22,8,482,83,13,12,8,4,30,7,1,160,63,3,3,13,2,0.3636363636363636,2021,8,1,2.0,0.6
2021-08-14 19:30:00,Norwich City,0,1,3,0,50,19,8,432,84,11,6,14,0,50,14,3,441,85,3,4,4,2,0.4210526315789473,2021,8,6,2.2,0.6
2021-08-21 14:30:00,Burnley  ,1,1,2,0,66,27,9,434,82,8,11,6,3,34,9,3,174,66,4,4,12,7,0.3333333333333333,2021,8,6,2.4,0.6
2021-08-28 19:30:00,Chelsea  ,1,0,1,1,66,24,7,598,86,12,10,13,0,34,6,3,268,72,3,2,4,2,0.2916666666666667,2021,8,6,2.0,0.6
2021-09-12 18:30:00,Leeds United,0,1,3,0,56,30,9,454,87,11,5,8,4,44,9,4,328,81,2,4,9,2,0.3,2021,9,7,2.4,0.6
2021-09-15 22:00:00,Milan  ,1,1,3,2,61,23,8,473,87,15,8,11,1,39,7,4,276,78,2,3,10,3,0.3478260869565217,2021,9,3,2.4,0.8
2021-09-18 17:00:00,Crystal Palace  ,1,1,3,0,60,25,10,412,84,10,11,17,1,40,13,2,253,76,5,4,11,3,0.4,2021,9,6,2.4,0.8
2021-09-21 21:45:00,Norwich City,0,1,3,0,53,17,3,435,85,8,7,15,2,47,12,5,390,84,1,1,8,3,0.1764705882352941,2021,9,2,2.6,0.8
2021-09-25 19:30:00,Brentford,0,0,3,3,67,16,6,465,83,11,8,7,4,33,12,4,181,67,2,5,8,4,0.375,2021,9,6,3.0,0.8
2021-09-28 22:00:00,Porto,0,1,5,1,67,21,13,551,86,4,1,10,2,33,6,3,233,75,2,4,10,1,0.6190476190476191,2021,9,2,3.4,0.8
2021-10-03 18:30:00,Manchester City  ,1,0,2,2,48,6,4,423,84,3,3,10,2,52,12,3,443,84,4,2,12,5,0.6666666666666666,2021,10,7,3.2,0.8
2021-10-16 14:30:00,Watford,0,1,5,0,76,19,8,711,87,9,2,10,2,24,6,2,165,65,1,2,4,8,0.4210526315789473,2021,10,6,3.6,0.6
2021-10-19 22:00:00,Atletico Madrid,0,1,3,2,68,11,6,581,88,5,6,9,1,32,8,5,220,73,2,2,8,3,0.5454545454545454,2021,10,2,3.6,0.6
2021-10-24 18:30:00,Manchester United,0,1,5,0,63,19,8,651,89,3,2,8,0,37,12,4,334,82,6,6,10,7,0.4210526315789473,2021,10,7,4.0,0.6
2021-10-27 21:45:00,Preston North End,0,1,2,0,73,9,4,606,88,1,1,6,0,27,9,4,162,63,4,0,9,2,0.4444444444444444,2021,10,3,3.4,0.8
2021-10-30 17:00:00,Brighton & Hove Albion  ,1,0,2,2,58,14,3,552,86,5,3,8,1,42,9,6,361,78,3,3,5,5,0.2142857142857143,2021,10,6,3.4,0.8
2021-11-03 23:00:00,Atletico Madrid  ,1,1,2,0,73,19,6,650,91,5,7,12,1,27,5,0,189,72,3,2,9,2,0.3157894736842105,2021,11,3,2.8,0.8
2021-11-07 19:30:00,West Ham United,0,-1,2,3,69,16,5,590,86,2,6,6,0,31,7,3,211,71,3,4,11,2,0.3125,2021,11,7,2.6,0.8
2021-11-20 20:30:00,Arsenal  ,1,1,4,0,62,19,9,565,88,6,5,15,2,38,5,3,311,81,1,2,12,8,0.4736842105263158,2021,11,6,2.4,0.6
2021-11-24 23:00:00,Porto  ,1,1,2,0,58,11,5,418,83,7,5,13,6,42,9,1,252,72,4,3,12,2,0.4545454545454545,2021,11,3,2.4,0.6
2021-11-27 18:00:00,Southampton  ,1,1,4,0,64,20,6,492,80,5,5,7,2,36,7,3,231,68,7,3,14,2,0.3,2021,11,6,2.8,0.6
2021-12-01 23:15:00,Everton,0,1,4,1,69,16,7,489,82,11,4,16,1,31,8,2,168,62,3,2,8,3,0.4375,2021,12,3,3.2,0.8
2021-12-04 18:00:00,Wolverhampton,0,1,1,0,67,17,5,544,85,8,8,7,1,33,3,1,224,70,2,2,4,7,0.2941176470588235,2021,12,6,3.0,0.8
2021-12-11 18:00:00,Aston Villa  ,1,1,1,0,62,20,5,452,82,11,11,13,2,38,4,0,233,71,3,1,6,1,0.25,2021,12,6,2.4,1.0
2021-12-16 23:00:00,Newcastle United  ,1,1,3,1,74,23,8,628,85,11,7,9,2,26,5,3,155,60,0,1,4,1,0.3478260869565217,2021,12,4,2.6,1.0
2021-12-19 19:30:00,Tottenham,0,0,2,2,56,18,6,423,82,4,6,11,1,44,10,5,315,76,6,3,12,3,0.3333333333333333,2021,12,7,2.2,1.0
2021-12-22 22:45:00,Leicester City  ,1,0,3,3,66,21,5,439,80,15,8,10,2,34,8,7,188,63,2,2,11,2,0.2380952380952381,2021,12,3,2.0,0.8
2021-12-28 23:00:00,Leicester City,0,-1,0,1,63,21,4,480,82,12,11,11,1,37,6,1,262,73,1,1,8,3,0.1904761904761905,2021,12,2,1.8,0.6
2022-01-02 19:30:00,Chelsea,0,0,2,2,45,10,6,355,77,7,4,13,3,55,15,6,473,82,6,5,5,3,0.6,2022,1,7,2.0,0.4
2022-01-09 17:00:00,Shrewsbury  ,1,1,4,1,83,19,6,769,90,6,9,6,0,17,4,2,96,58,2,1,12,6,0.3157894736842105,2022,1,7,3.0,0.2
2022-01-13 22:45:00,Arsenal  ,1,0,0,0,78,17,1,584,86,8,3,4,4,22,3,1,94,49,1,1,7,1,0.05882352941176471,2022,1,4,2.0,0.2
2022-01-16 17:00:00,Brentford  ,1,1,3,0,68,27,13,589,83,9,4,6,2,32,6,1,213,63,0,0,6,7,0.4814814814814815,2022,1,7,2.25,0.2
2022-01-20 22:45:00,Arsenal,0,1,2,0,54,11,3,425,81,2,4,10,3,46,7,2,368,81,5,1,13,4,0.2727272727272727,2022,1,4,2.2,0.4
2022-01-23 17:00:00,Crystal Palace,0,1,3,1,57,14,7,465,81,5,4,10,2,43,8,5,328,76,2,1,12,5,0.5,2022,1,7,2.4,0.6
2022-02-06 15:00:00,Cardiff City  ,1,1,3,1,80,19,5,742,89,7,7,2,4,20,3,2,129,60,1,0,10,1,0.2631578947368421,2022,2,7,2.2,0.8
2022-02-10 22:45:00,Leicester City  ,1,1,2,0,65,22,11,563,85,7,5,11,3,35,5,1,257,71,6,1,7,4,0.5,2022,2,4,2.6,0.8
2022-02-13 17:00:00,Burnley,0,1,1,0,67,12,4,530,82,8,2,6,3,33,8,5,198,65,5,2,7,7,0.3333333333333333,2022,2,7,2.2,1.0
2022-02-16 23:00:00,Inter,0,1,2,0,54,13,2,432,81,7,3,9,1,46,9,0,359,79,7,6,10,3,0.1538461538461539,2022,2,3,2.2,1.0
2022-02-19 18:00:00,Norwich City  ,1,1,3,1,69,29,8,623,89,8,4,7,1,31,6,1,220,71,4,2,8,5,0.2758620689655172,2022,2,6,2.2,1.0
2022-02-23 22:45:00,Leeds United  ,1,1,6,0,64,23,15,583,87,4,5,5,1,36,3,2,280,74,0,0,11,6,0.6521739130434783,2022,2,3,2.8,1.0
2022-02-27 19:30:00,Chelsea,0,0,0,0,54,20,6,506,79,11,7,10,1,46,11,4,416,76,2,5,14,7,0.3,2022,2,7,2.4,1.0
2022-03-02 23:15:00,Norwich City  ,1,1,2,1,66,17,4,603,86,11,7,11,0,34,7,2,277,75,1,3,11,5,0.2352941176470588,2022,3,3,2.6,0.8
2022-03-05 20:30:00,West Ham United  ,1,1,1,0,69,22,5,619,87,4,3,7,1,31,13,5,231,73,6,4,7,4,0.2272727272727273,2022,3,6,2.4,0.8
2022-03-08 23:00:00,Inter  ,1,-1,0,1,62,12,2,628,87,8,5,10,2,38,6,3,342,79,2,0,9,5,0.1666666666666667,2022,3,2,1.8,0.8
2022-03-12 15:30:00,Brighton & Hove Albion,0,1,2,0,48,18,9,313,78,5,5,15,1,52,8,3,336,78,7,4,12,1,0.5,2022,3,6,1.0,0.6
2022-03-16 23:15:00,Arsenal,0,1,2,0,52,9,3,434,82,6,5,9,2,48,9,2,407,81,1,2,9,4,0.3333333333333333,2022,3,3,1.4,0.6
2022-03-20 21:00:00,Nottingham Forest,0,1,1,0,65,14,7,484,84,7,3,11,2,35,6,1,212,69,2,2,7,3,0.5,2022,3,7,1.2,0.8
2022-04-02 14:30:00,Watford  ,1,1,2,0,73,20,3,606,85,9,7,9,1,27,5,2,166,63,3,2,8,3,0.15,2022,4,6,1.4,0.8
2022-04-05 22:00:00,Benfica,0,1,3,1,66,17,8,644,88,6,6,15,1,34,9,3,289,75,2,4,7,4,0.4705882352941176,2022,4,2,2.0,0.8
2022-04-10 18:30:00,Manchester City,0,0,2,2,45,6,4,377,81,1,1,11,2,55,11,5,486,86,4,2,9,5,0.6666666666666666,2022,4,7,2.0,1.0
2022-04-13 22:00:00,Benfica  ,1,0,3,3,66,17,6,676,87,8,4,9,1,34,6,4,303,76,0,1,11,5,0.3529411764705883,2022,4,3,2.2,0.8
2022-04-16 17:30:00,Manchester City,0,1,3,2,51,11,7,416,82,3,2,12,3,49,10,6,386,79,5,1,15,2,0.6363636363636364,2022,4,6,2.6,0.6
2022-04-19 22:00:00,Manchester United  ,1,1,4,0,72,14,5,818,91,9,4,3,3,28,2,1,260,73,2,2,6,2,0.3571428571428572,2022,4,2,3.0,0.6
2022-04-24 18:30:00,Everton  ,1,1,2,0,82,18,4,701,89,13,8,8,1,18,9,1,95,55,1,1,8,0,0.2222222222222222,2022,4,7,2.8,0.6
2022-04-27 22:00:00,Villarreal  ,1,1,2,0,73,19,5,654,88,10,8,9,4,27,1,0,180,66,2,1,7,3,0.2631578947368421,2022,4,3,2.8,0.6
2022-04-30 14:30:00,Newcastle United,0,1,1,0,66,24,10,442,84,6,6,11,1,34,4,2,176,64,0,1,11,9,0.4166666666666667,2022,4,6,2.4,0.8
2022-05-03 22:00:00,Villarreal,0,1,3,2,56,15,5,324,76,2,6,14,4,44,6,2,235,70,1,5,18,5,0.3333333333333333,2022,5,2,2.4,1.0
2022-05-07 21:45:00,Tottenham  ,1,0,1,1,65,22,3,530,86,11,10,12,0,35,8,3,253,75,5,5,8,0,0.1363636363636364,2022,5,6,1.8,1.0
2022-05-10 22:00:00,Aston Villa,0,1,2,1,61,17,6,441,83,3,5,12,2,39,9,4,259,76,2,4,10,3,0.3529411764705883,2022,5,2,1.8,0.8
2022-05-14 18:45:00,Chelsea,0,0,0,0,53,17,2,508,83,5,10,12,1,47,10,2,451,82,5,4,13,1,0.1176470588235294,2022,5,6,1.4,0.8
2022-05-17 21:45:00,Southampton,0,1,2,1,71,24,5,655,89,9,7,6,2,29,4,2,226,75,1,1,6,0,0.2083333333333333,2022,5,2,1.6,0.6
2022-05-22 18:00:00,Wolverhampton  ,1,1,3,1,63,29,8,593,89,5,8,6,3,37,7,5,323,81,3,1,3,1,0.2758620689655172,2022,5,7,1.6,0.6
2022-05-28 22:36:00,Real Madrid  ,1,-1,0,1,54,24,9,524,89,6,3,13,1,46,4,2,425,83,2,0,7,4,0.375,2022,5,6,1.4,0.6
2022-07-12 16:00:00,Manchester United,0,-1,0,4,53,18,4,419,83,6,4,8,1,47,9,5,382,81,0,0,10,3,0.2222222222222222,2022,7,2,1.0,0.6
2022-07-21 20:15:00,RB Leipzig,0,1,5,0,50,14,7,397,80,7,3,11,0,50,5,2,414,81,2,2,8,4,0.5,2022,7,4,2.0,0.4
2022-07-27 21:00:00,Salzburg,0,-1,0,1,74,25,7,579,87,10,4,5,2,26,12,3,153,67,2,0,15,3,0.28,2022,7,3,1.6,0.6
2022-07-30 19:00:00,Manchester City  ,1,1,3,1,44,14,4,482,85,6,2,12,3,56,12,7,299,79,2,1,4,3,0.2857142857142857,2022,7,6,1.6,0.4
2022-07-31 21:30:00,RC Strasbourg  ,1,-1,0,3,61,15,6,571,89,7,5,10,5,39,7,5,319,78,2,2,5,2,0.4,2022,7,7,1.6,0.4
2022-08-06 14:30:00,Fulham,0,0,2,2,67,11,4,473,77,4,5,9,4,33,9,3,181,62,4,4,7,4,0.3636363636363636,2022,8,6,2.0,0.4
2022-08-15 22:00:00,Crystal Palace  ,1,0,1,1,73,24,4,645,87,4,7,7,3,27,7,3,189,69,2,2,8,2,0.1666666666666667,2022,8,1,1.2,0.4
2022-08-22 22:00:00,Manchester United,0,-1,1,2,70,17,5,540,84,8,6,7,2,30,13,5,180,66,6,1,11,2,0.2941176470588235,2022,8,1,1.4,0.2
2022-08-27 17:00:00,Bournemouth  ,1,1,9,0,69,19,12,589,86,8,11,6,3,31,5,2,211,70,1,2,5,0,0.631578947368421,2022,8,6,2.6,0.2
2022-08-31 22:00:00,Newcastle United  ,1,1,2,1,72,23,6,523,84,13,10,9,2,28,5,2,163,64,0,2,10,2,0.2608695652173913,2022,8,3,3.0,0.2
2022-09-03 14:30:00,Everton,0,0,0,0,61,23,8,380,81,9,11,11,2,39,14,3,217,72,7,3,7,3,0.3478260869565217,2022,9,6,2.6,0.4
2022-09-07 22:00:00,Napoli,0,-1,1,4,61,15,7,514,88,12,8,13,0,39,18,9,314,82,3,0,7,6,0.4666666666666667,2022,9,3,2.6,0.4
2022-09-13 22:00:00,Ajax  ,1,1,2,1,57,24,10,391,81,10,11,12,2,43,3,1,299,79,0,1,19,4,0.4166666666666667,2022,9,2,2.8,0.4
2022-10-01 17:00:00,Brighton & Hove Albion  ,1,0,3,3,54,15,7,432,82,9,3,9,1,46,6,6,359,78,2,3,13,0,0.4666666666666667,2022,10,6,1.6,0.6
2022-10-04 22:00:00,Rangers  ,1,1,2,0,64,23,10,485,84,13,5,7,3,36,6,2,243,73,1,1,6,3,0.4347826086956522,2022,10,2,1.6,0.4
2022-10-09 18:30:00,Arsenal,0,-1,2,3,56,8,3,395,81,3,1,11,6,44,11,7,302,78,4,1,11,3,0.375,2022,10,7,2.0,0.4
2022-10-12 22:00:00,Rangers,0,1,7,1,57,20,9,436,80,3,3,6,3,43,7,2,287,69,3,6,7,2,0.45,2022,10,3,3.2,0.4
2022-10-16 18:30:00,Manchester City  ,1,1,1,0,37,13,2,313,77,5,3,10,3,63,16,6,616,88,6,9,7,0,0.1538461538461539,2022,10,7,3.0,0.6
2022-10-19 21:30:00,West Ham United  ,1,1,1,0,54,22,7,511,85,8,3,9,1,46,8,3,412,81,3,4,8,0,0.3181818181818182,2022,10,3,2.6,0.6
2022-10-22 14:30:00,Nottingham Forest,0,-1,0,1,75,15,7,595,86,11,10,8,0,25,10,7,145,64,2,1,14,3,0.4666666666666667,2022,10,6,2.2,0.8
2022-10-26 22:00:00,Ajax,0,1,3,0,51,13,5,473,87,4,6,11,1,49,11,2,436,82,3,6,6,0,0.3846153846153846,2022,10,3,2.4,0.6
2022-10-29 21:45:00,Leeds United  ,1,-1,1,2,69,22,10,554,82,14,8,9,0,31,14,6,192,63,4,4,3,0,0.4545454545454545,2022,10,6,1.2,0.8
2022-11-01 23:00:00,Napoli  ,1,1,2,0,52,14,6,405,82,4,3,18,3,48,10,2,366,81,3,4,10,3,0.4285714285714285,2022,11,2,1.4,0.6
2022-11-06 19:30:00,Tottenham,0,1,2,1,53,13,6,515,84,3,2,8,2,47,14,5,428,83,5,10,10,1,0.4615384615384616,2022,11,7,1.6,0.6
2022-11-09 23:00:00,Derby County  ,1,0,0,0,74,19,6,635,86,7,8,3,3,26,6,3,168,64,3,4,6,0,0.3157894736842105,2022,11,3,1.6,0.6
2022-11-12 18:00:00,Southampton  ,1,1,3,1,60,15,7,578,86,6,10,8,0,40,9,5,356,80,0,7,8,2,0.4666666666666667,2022,11,6,1.6,0.6
2022-12-11 17:00:00,Lyon  ,1,-1,1,3,49,11,2,482,87,3,1,9,3,51,8,6,482,84,2,2,15,3,0.1818181818181818,2022,12,7,1.6,0.6
2022-12-16 18:30:00,Milan  ,1,1,4,1,57,22,10,498,87,4,3,11,1,43,8,4,344,79,4,3,13,2,0.4545454545454545,2022,12,5,2.0,0.6
2022-12-22 23:00:00,Manchester City,0,-1,2,3,44,7,2,359,80,1,3,10,3,56,18,9,504,88,7,5,6,1,0.2857142857142857,2022,12,4,2.0,0.6
2022-12-26 20:30:00,Aston Villa,0,1,3,1,52,16,9,420,82,6,6,12,3,48,12,6,381,81,0,7,7,3,0.5625,2022,12,1,2.6,0.4
2022-12-30 23:00:00,Leicester City  ,1,1,2,1,57,21,5,496,84,4,5,8,2,43,7,2,352,79,5,5,15,5,0.2380952380952381,2022,12,5,2.4,0.6
2023-01-02 20:30:00,Brentford,0,-1,1,3,73,16,6,543,83,9,8,8,4,27,10,7,118,50,4,5,5,7,0.375,2023,1,1,1.0,0.6
2023-01-07 23:00:00,Wolverhampton  ,1,0,2,2,64,10,3,496,84,4,6,9,1,36,11,5,254,76,3,2,6,4,0.3,2023,1,6,1.5,0.6
2023-01-14 18:00:00,Brighton & Hove Albion,0,-1,0,3,39,6,2,350,83,1,3,15,2,61,16,9,573,88,7,2,9,4,0.3333333333333333,2023,1,6,1.0,0.4
2023-01-17 22:45:00,Wolverhampton,0,1,1,0,42,7,2,351,79,2,1,11,5,58,11,2,517,85,4,4,10,2,0.2857142857142857,2023,1,2,1.0,0.4
2023-01-21 15:30:00,Chelsea  ,1,0,0,0,48,15,3,375,79,5,4,16,5,52,11,2,437,81,5,5,9,1,0.2,2023,1,6,0.8,0.4
2023-01-29 16:30:00,Brighton & Hove Albion,0,-1,1,2,44,8,2,363,82,2,2,15,2,56,13,6,476,88,3,3,10,2,0.25,2023,1,7,0.8,0.2
2023-02-04 18:00:00,Wolverhampton,0,-1,0,3,58,22,4,465,85,7,3,7,2,42,12,6,305,75,2,3,9,1,0.1818181818181818,2023,2,6,0.4,0.2
2023-02-13 23:00:00,Everton  ,1,1,2,0,59,15,6,505,86,3,2,8,4,41,6,1,317,79,3,4,16,2,0.4,2023,2,1,0.8,0.2
2023-02-18 20:30:00,Newcastle United,0,1,2,0,63,13,7,533,88,7,5,8,0,37,14,4,287,82,6,6,3,3,0.5384615384615384,2023,2,6,1.0,0.4
2023-02-21 23:00:00,Real Madrid  ,1,-1,2,5,52,9,5,474,85,4,6,9,0,48,9,6,449,85,3,3,9,0,0.5555555555555556,2023,2,2,1.4,0.4
2023-02-25 22:45:00,Crystal Palace,0,0,0,0,64,12,4,544,84,3,2,14,1,36,6,0,257,74,5,5,11,4,0.3333333333333333,2023,2,6,1.2,0.4
2023-03-01 23:00:00,Wolverhampton  ,1,1,2,0,57,15,6,439,83,5,6,13,1,43,4,1,322,80,2,2,14,3,0.4,2023,3,3,1.6,0.4
2023-03-05 19:30:00,Manchester United  ,1,1,7,0,60,18,8,365,78,4,6,13,0,40,8,4,223,71,3,2,14,4,0.4444444444444444,2023,3,7,2.6,0.6
2023-03-11 15:30:00,Bournemouth,0,-1,0,1,69,15,6,531,83,8,4,9,4,31,5,2,182,65,3,3,7,2,0.4,2023,3,6,2.2,0.6
2023-03-15 23:00:00,Real Madrid,0,-1,0,1,46,9,5,380,85,9,6,17,2,54,17,8,457,86,5,2,7,5,0.5555555555555556,2023,3,3,1.8,0.4
2023-04-01 14:30:00,Manchester City,0,-1,1,4,32,4,1,288,82,1,1,12,5,68,17,8,693,92,7,2,9,3,0.25,2023,4,6,2.0,0.4
2023-04-04 22:00:00,Chelsea,0,0,0,0,50,7,4,449,84,5,1,17,3,50,12,3,437,84,3,1,6,4,0.5714285714285714,2023,4,2,1.6,0.4
2023-04-09 18:30:00,Arsenal  ,1,0,2,2,59,21,6,432,82,5,9,11,2,41,9,5,285,77,4,4,11,2,0.2857142857142857,2023,4,7,0.6,0.2
2023-04-17 22:00:00,Leeds United,0,1,6,1,74,13,7,774,89,2,4,12,2,26,13,3,204,69,4,3,6,1,0.5384615384615384,2023,4,1,1.8,0.0
2023-04-22 17:00:00,Nottingham Forest  ,1,1,3,2,81,18,6,570,88,9,9,9,2,19,11,5,78,53,3,3,12,3,0.3333333333333333,2023,4,6,2.4,0.2
2023-04-26 21:45:00,West Ham United,0,1,2,1,73,20,4,743,87,6,6,8,1,27,7,2,217,70,3,2,6,1,0.2,2023,4,3,2.6,0.4
2023-04-30 18:30:00,Tottenham  ,1,1,4,3,68,12,4,639,88,4,6,12,0,32,10,7,250,74,2,4,6,5,0.3333333333333333,2023,4,7,3.4,0.6
2023-05-03 22:00:00,Fulham  ,1,1,1,0,57,15,3,522,85,7,5,10,3,43,9,3,381,84,5,3,8,2,0.2,2023,5,3,3.2,0.8
2023-05-06 19:30:00,Brentford  ,1,1,1,0,54,15,5,308,81,7,2,19,1,46,5,1,244,75,3,1,10,2,0.3333333333333333,2023,5,6,2.2,1.0
2023-05-15 22:00:00,Leicester City,0,1,3,0,67,16,5,576,85,4,6,17,4,33,4,4,230,69,4,0,11,3,0.3125,2023,5,1,2.2,1.0
2023-05-20 17:00:00,Aston Villa  ,1,0,1,1,66,10,5,430,84,9,9,16,4,34,6,3,178,67,3,3,13,1,0.5,2023,5,6,2.0,1.0
2023-05-28 18:30:00,Southampton,0,0,4,4,69,30,8,524,87,9,8,10,0,31,15,10,201,74,2,4,4,0,0.2666666666666667,2023,5,7,2.0,0.8
2023-07-19 19:33:00,Karlsruher SC,0,1,4,2,69,16,9,670,91,7,10,13,2,31,9,3,236,77,7,5,4,2,0.5625,2023,7,3,2.6,0.6
2023-07-24 14:20:00,Greuther Fürth,0,0,4,4,55,18,8,424,83,7,4,12,1,45,9,5,344,82,0,1,7,6,0.4444444444444444,2023,7,1,3.2,0.6
2023-07-30 12:00:00,Leicester City  ,1,1,4,0,62,26,12,588,91,9,7,12,2,38,8,2,340,86,5,2,6,3,0.4615384615384616,2023,7,7,3.4,0.4
2023-08-02 14:30:00,Bayern Münih,0,-1,3,4,39,12,8,332,85,3,3,12,0,61,16,12,540,89,7,2,9,2,0.6666666666666666,2023,8,3,3.8,0.4
2023-08-07 21:15:00,Darmstadt 98  ,1,1,3,1,68,27,10,608,88,9,8,16,2,32,6,2,230,71,3,1,9,1,0.3703703703703703,2023,8,1,3.6,0.4
2023-08-13 18:30:00,Chelsea,0,0,1,1,35,13,1,301,80,4,3,13,5,65,10,4,610,87,4,7,5,3,0.07692307692307693,2023,8,7,3.0,0.6
2023-08-19 17:00:00,Bournemouth  ,1,1,3,1,65,26,10,516,86,10,5,11,0,35,13,5,236,73,2,4,13,3,0.3846153846153846,2023,8,6,2.8,0.4
2023-08-27 18:30:00,Newcastle United,0,1,2,1,40,9,4,307,80,9,4,10,1,60,23,8,508,86,5,6,16,0,0.4444444444444444,2023,8,7,2.4,0.6
2023-09-03 16:00:00,Aston Villa  ,1,1,3,0,64,17,4,635,91,7,7,12,6,36,9,3,316,81,3,6,7,1,0.2352941176470588,2023,9,7,2.4,0.6
2023-09-16 14:30:00,Wolverhampton,0,1,3,1,66,16,6,638,88,4,5,4,0,34,11,2,296,81,4,6,10,1,0.375,2023,9,6,2.4,0.8
2023-09-21 19:45:00,LASK Linz,0,1,3,1,67,14,6,451,83,7,4,15,1,33,7,2,172,67,6,4,14,6,0.4285714285714285,2023,9,4,2.8,0.8
2023-09-24 16:00:00,West Ham United  ,1,1,3,1,64,22,7,572,89,7,5,12,2,36,11,4,279,78,4,5,13,1,0.3181818181818182,2023,9,7,2.8,1.0
2023-09-27 21:45:00,Leicester City  ,1,1,3,1,57,29,10,463,88,10,8,18,1,43,4,1,303,76,2,0,8,2,0.3448275862068966,2023,9,3,3.0,1.0
2023-09-30 19:30:00,Tottenham,0,-1,1,2,36,12,4,281,77,5,6,17,1,64,24,8,603,91,11,2,11,4,0.3333333333333333,2023,9,6,2.6,1.0
2023-10-05 22:00:00,Union Saint-Gilloise  ,1,1,2,0,73,19,9,578,88,7,5,9,3,27,6,2,137,61,11,4,14,4,0.4736842105263158,2023,10,4,2.4,0.8
2023-10-08 16:00:00,Brighton & Hove Albion,0,0,2,2,54,14,4,432,87,1,2,20,0,46,14,3,355,85,8,4,12,1,0.2857142857142857,2023,10,7,2.2,0.8
2023-10-21 14:30:00,Everton  ,1,1,2,0,78,26,6,649,87,12,7,9,2,22,6,1,112,53,4,1,9,1,0.2307692307692308,2023,10,6,2.0,0.6
2023-10-26 22:00:00,Toulouse  ,1,1,5,1,62,20,9,565,89,5,2,9,0,38,9,3,296,77,3,3,8,1,0.45,2023,10,4,2.4,0.6
2023-10-29 17:00:00,Nottingham Forest  ,1,1,3,0,73,21,8,654,90,8,6,9,1,27,9,1,193,73,3,2,13,3,0.3809523809523809,2023,10,7,2.8,0.6
2023-11-01 22:45:00,Bournemouth,0,1,2,1,67,18,7,479,84,7,4,16,2,33,16,7,197,71,5,2,13,3,0.3888888888888889,2023,11,3,2.8,0.8
2023-11-05 19:30:00,Luton Town,0,0,1,1,74,24,6,581,88,7,9,13,1,26,8,5,135,59,4,3,7,1,0.25,2023,11,7,2.6,0.8
2023-11-09 20:45:00,Toulouse,0,-1,2,3,72,19,4,512,88,7,10,13,0,28,11,5,152,68,4,5,12,3,0.2105263157894737,2023,11,4,2.6,0.8
2023-11-12 17:00:00,Brentford  ,1,1,3,0,58,17,10,415,82,6,4,16,2,42,16,3,269,76,8,5,12,2,0.5882352941176471,2023,11,7,2.2,0.6
2023-11-25 15:30:00,Manchester City,0,0,1,1,40,8,3,338,82,6,2,11,4,60,16,5,559,91,9,5,9,3,0.375,2023,11,6,1.8,0.6
2023-11-30 23:00:00,LASK Linz  ,1,1,4,0,66,24,9,510,87,8,4,7,3,34,7,3,206,66,6,3,6,4,0.375,2023,11,4,2.2,0.4
2023-12-03 17:00:00,Fulham  ,1,1,4,3,61,26,12,509,82,3,2,6,5,39,9,5,284,72,4,3,7,1,0.4615384615384616,2023,12,7,2.8,0.4
2023-12-06 22:30:00,Sheffield United,0,1,2,0,76,15,8,529,84,12,8,8,4,24,6,1,100,48,2,1,12,1,0.5333333333333333,2023,12,3,2.8,0.6
2023-12-09 15:30:00,Crystal Palace,0,1,2,1,76,14,2,579,87,5,3,17,6,24,8,4,115,58,6,7,17,0,0.1428571428571428,2023,12,6,2.6,0.8
2023-12-14 20:45:00,Union Saint-Gilloise,0,-1,1,2,69,4,3,501,85,2,1,9,2,31,15,6,165,65,7,4,17,3,0.75,2023,12,4,2.6,0.8
2023-12-17 19:30:00,Manchester United  ,1,0,0,0,68,34,8,510,84,12,10,13,4,32,6,1,209,71,0,0,8,2,0.2352941176470588,2023,12,7,1.8,0.8
2023-12-20 23:00:00,West Ham United  ,1,1,5,1,67,29,11,525,88,12,6,9,4,33,2,1,218,72,2,1,7,3,0.3793103448275862,2023,12,3,2.0,0.6
2023-12-23 20:30:00,Arsenal  ,1,0,1,1,51,13,3,357,81,4,3,13,1,49,13,2,337,80,5,3,14,1,0.2307692307692308,2023,12,6,1.8,0.6
2023-12-26 20:30:00,Burnley,0,1,2,0,69,19,10,563,85,4,5,10,4,31,9,0,184,63,4,6,7,1,0.5263157894736842,2023,12,2,1.8,0.4
2024-01-01 23:00:00,Newcastle United  ,1,1,4,2,62,34,15,471,85,7,6,16,1,38,5,3,264,75,3,1,15,3,0.4411764705882353,2024,1,1,4.0,0.4
2024-01-07 19:30:00,Arsenal,0,1,2,0,46,12,3,339,82,2,2,15,2,54,18,5,394,82,5,4,12,1,0.25,2024,1,7,3.0,0.6
2024-01-10 23:00:00,Fulham  ,1,1,2,1,67,21,7,566,88,8,2,10,1,33,6,4,227,71,2,2,10,1,0.3333333333333333,2024,1,3,2.666666667,0.8
2024-01-21 19:30:00,Bournemouth,0,1,4,0,61,14,7,439,83,5,4,12,0,39,11,1,235,72,8,3,9,1,0.5,2024,1,7,3.0,0.8
2024-01-24 23:00:00,Fulham,0,0,1,1,51,14,5,408,82,2,2,13,5,49,11,5,357,77,4,3,8,2,0.3571428571428572,2024,1,3,2.6,1.0
2024-01-28 17:30:00,Norwich City  ,1,1,5,2,73,29,10,653,90,13,11,7,0,27,6,5,220,79,2,2,3,1,0.3448275862068966,2024,1,7,2.8,0.8
2024-01-31 23:15:00,Chelsea  ,1,1,4,1,50,28,13,472,85,8,8,15,3,50,4,3,483,86,1,1,16,3,0.4642857142857143,2024,1,3,3.2,0.8
2024-02-10 18:00:00,Burnley  ,1,1,3,1,71,25,10,581,87,9,8,11,2,29,9,4,185,67,3,2,13,2,0.4,2024,2,6,3.4,0.8
2024-02-17 15:30:00,Brentford,0,1,4,1,63,15,8,508,83,6,5,18,2,37,15,6,247,69,1,3,4,3,0.5333333333333333,2024,2,6,3.4,0.8
2024-02-21 22:30:00,Luton Town  ,1,1,4,1,61,29,13,421,83,13,6,15,2,39,12,3,242,74,4,2,14,3,0.4482758620689655,2024,2,3,4.0,0.8
2024-02-25 18:00:00,Chelsea,0,1,1,0,54,23,11,580,84,5,11,21,2,46,19,9,473,80,6,7,14,3,0.4782608695652174,2024,2,7,3.2,1.0
2024-02-28 23:00:00,Southampton  ,1,1,3,0,52,18,6,529,90,7,3,10,1,48,12,3,480,88,8,3,2,4,0.3333333333333333,2024,2,3,3.0,1.0
2024-03-02 18:00:00,Nottingham Forest,0,1,1,0,71,22,2,571,86,12,9,12,1,29,8,2,187,67,3,1,11,2,0.09090909090909091,2024,3,6,2.6,1.0
2024-03-07 20:45:00,Sparta Prag,0,1,5,1,63,20,11,584,88,3,0,9,1,37,11,7,299,81,5,2,12,5,0.55,2024,3,4,2.8,1.0
2024-03-10 18:45:00,Manchester City  ,1,0,1,1,53,19,6,490,84,7,6,6,6,47,10,6,435,82,4,2,10,1,0.3157894736842105,2024,3,7,2.2,1.0
2024-03-14 23:00:00,Sparta Prag  ,1,1,6,1,77,22,12,835,92,8,4,7,2,23,9,2,190,74,2,1,4,3,0.5454545454545454,2024,3,4,3.2,0.8
2024-03-17 18:30:00,Manchester United,0,-1,3,4,58,25,11,612,85,8,6,12,4,42,28,11,385,76,5,5,11,3,0.44,2024,3,7,3.2,0.8
2024-03-31 16:00:00,Brighton & Hove Albion  ,1,1,2,1,54,30,8,521,89,8,3,20,5,46,9,3,414,86,4,3,6,3,0.2666666666666667,2024,3,7,3.4,0.6
2024-04-04 21:30:00,Sheffield United  ,1,1,3,1,83,29,9,714,91,13,9,6,0,17,5,3,82,49,1,2,9,1,0.3103448275862069,2024,4,4,3.0,0.6
2024-04-07 17:30:00,Manchester United,0,0,2,2,62,28,7,486,85,11,7,10,2,38,9,5,278,77,6,2,9,3,0.25,2024,4,7,3.2,0.6
2024-04-11 22:00:00,Atalanta  ,1,-1,0,3,70,19,5,539,84,4,9,7,5,30,11,7,171,63,2,4,16,4,0.2631578947368421,2024,4,4,2.0,0.6
2024-04-14 16:00:00,Crystal Palace  ,1,-1,0,1,70,21,6,608,84,11,19,10,2,30,8,5,223,69,1,4,10,5,0.2857142857142857,2024,4,7,1.4,0.4
2024-04-18 22:00:00,Atalanta,0,1,1,0,70,10,5,563,83,1,3,10,1,30,8,2,184,64,2,2,14,5,0.5,2024,4,4,1.2,0.4
2024-04-21 18:30:00,Fulham,0,1,3,1,60,14,7,566,86,4,1,11,3,40,12,5,331,78,1,5,5,1,0.5,2024,4,7,1.2,0.4
2024-04-24 22:00:00,Everton,0,-1,0,2,76,23,7,634,88,13,8,13,1,24,16,6,141,62,4,6,6,4,0.3043478260869565,2024,4,3,0.8,0.4
2024-04-27 14:30:00,West Ham United,0,0,2,2,71,28,8,587,87,8,8,10,4,29,11,8,183,69,4,3,8,1,0.2857142857142857,2024,4,6,1.2,0.4
2024-05-05 18:30:00,Tottenham  ,1,1,4,2,44,25,13,359,83,8,8,14,7,56,11,6,487,86,3,4,12,2,0.52,2024,5,7,2.0,0.4
2024-05-13 22:00:00,Aston Villa,0,0,3,3,59,14,7,510,88,4,5,15,6,41,19,5,337,85,5,4,11,2,0.5,2024,5,1,2.4,0.6
2024-05-19 18:00:00,Wolverhampton  ,1,1,2,0,67,36,14,568,91,10,11,14,3,33,4,3,231,76,2,0,10,2,0.3888888888888889,2024,5,7,2.2,0.4
2024-07-27 02:30:00,Real Betis  ,1,1,1,0,63,9,3,608,89,1,3,18,4,37,7,1,335,83,1,1,15,0,0.3333333333333333,2024,7,6,2.4,0.4
2024-08-01 02:30:00,Arsenal  ,1,1,2,1,40,10,4,318,83,1,0,14,3,60,13,2,502,88,6,4,6,4,0.4,2024,8,4,2.4,0.6
2024-08-04 02:45:00,Manchester United,0,1,3,0,53,9,5,453,86,2,1,15,1,47,18,8,380,84,5,7,8,2,0.5555555555555556,2024,8,7,2.2,0.8
2024-08-04 02:45:00,Manchester United,0,1,3,0,53,9,5,453,86,2,1,15,1,47,18,8,380,84,5,7,8,2,0.5555555555555556,2024,8,7,2.2,0.8
2024-08-11 14:30:00,Sevilla  ,1,1,4,1,56,12,9,523,89,5,2,11,1,44,8,2,403,89,2,1,6,2,0.75,2024,8,7,2.6,1.0
2024-08-11 14:30:00,Sevilla  ,1,1,4,1,56,12,9,523,89,5,2,11,1,44,8,2,403,89,2,1,6,2,0.75,2024,8,7,3.2,1.0
2024-08-11 19:00:00,Las Palmas  ,1,0,0,0,61,16,6,595,92,2,3,6,2,39,6,3,356,87,2,2,13,1,0.375,2024,8,7,2.8,1.0
2024-08-11 19:00:00,Las Palmas  ,1,0,0,0,61,16,6,595,92,2,3,6,2,39,6,3,356,87,2,2,13,1,0.375,2024,8,7,2.2,0.8
2024-08-17 14:30:00,Ipswich Town,0,1,2,0,62,18,5,492,86,10,4,18,0,38,7,2,272,78,2,2,9,5,0.2777777777777778,2024,8,6,2.0,0.6
2024-08-25 18:30:00,Brentford  ,1,1,2,0,62,19,8,550,91,9,3,10,1,38,8,2,298,82,4,4,7,2,0.4210526315789473,2024,8,7,1.6,0.6
2024-09-01 18:00:00,Manchester United,0,1,3,0,47,11,3,391,84,2,3,7,2,53,8,3,421,83,5,6,7,0,0.2727272727272727,2024,9,7,1.4,0.6
2024-09-14 17:00:00,Nottingham Forest  ,1,-1,0,1,69,14,5,507,84,7,9,15,0,31,5,3,189,69,2,0,6,5,0.3571428571428572,2024,9,6,1.4,0.6
2024-09-17 22:00:00,Milan,0,1,3,1,51,23,11,399,87,5,3,12,4,49,8,2,372,83,2,4,9,3,0.4782608695652174,2024,9,2,2.0,0.6
2024-09-21 17:00:00,Bournemouth  ,1,1,3,0,59,19,13,519,89,3,2,10,0,41,19,6,332,85,9,4,12,3,0.6842105263157895,2024,9,6,2.2,0.8
2024-09-25 22:00:00,West Ham United  ,1,1,5,1,61,21,11,487,91,5,3,13,3,39,12,3,260,78,4,8,10,1,0.5238095238095238,2024,9,3,2.8,0.8
2024-09-28 19:30:00,Wolverhampton,0,1,2,1,55,10,6,455,85,10,6,8,2,45,8,3,357,84,2,3,16,1,0.6,2024,9,6,2.6,0.8
2024-10-02 22:00:00,Bologna  ,1,1,2,0,51,9,4,370,82,5,2,10,3,49,12,2,341,81,3,1,8,4,0.4444444444444444,2024,10,3,3.0,0.8
2024-10-05 14:30:00,Crystal Palace,0,1,1,0,68,16,4,549,86,8,4,15,0,32,9,5,209,70,3,1,7,1,0.25,2024,10,6,2.6,1.0
2024-10-20 18:30:00,Chelsea  ,1,1,2,1,42,9,5,326,80,1,1,12,5,58,12,2,476,88,5,4,13,0,0.5555555555555556,2024,10,7,2.4,1.0
2024-10-23 22:00:00,RB Leipzig,0,1,1,0,58,17,8,524,87,7,3,7,0,42,13,6,368,84,5,2,9,5,0.4705882352941176,2024,10,3,1.6,1.0
2024-10-27 19:30:00,Arsenal,0,0,2,2,55,9,4,387,83,3,3,14,1,45,9,3,306,80,1,3,14,2,0.4444444444444444,2024,10,7,1.6,1.0
2024-10-30 22:30:00,Brighton & Hove Albion,0,1,3,2,55,11,7,438,85,2,1,11,3,45,19,7,341,85,6,8,8,3,0.6363636363636364,2024,10,3,1.8,0.8
2024-11-02 18:00:00,Brighton & Hove Albion  ,1,1,2,1,49,16,8,367,83,9,4,10,1,51,13,5,407,87,7,5,18,0,0.5,2024,11,6,2.0,0.8
2024-11-05 23:00:00,Bayer Leverkusen  ,1,1,4,0,47,22,8,411,87,1,3,15,0,53,12,4,452,86,3,1,10,1,0.3636363636363636,2024,11,2,2.4,0.8
2024-11-09 23:00:00,Aston Villa  ,1,1,2,0,62,14,5,546,88,2,3,11,1,38,12,2,288,82,9,7,15,1,0.3571428571428572,2024,11,6,2.6,0.8
2024-11-24 17:00:00,Southampton,0,1,3,2,62,27,11,531,88,10,9,9,1,38,7,5,303,83,3,3,11,0,0.4074074074074074,2024,11,7,2.8,0.8
2024-11-27 23:00:00,Real Madrid  ,1,1,2,0,63,17,7,563,91,8,3,11,1,37,8,3,319,87,5,1,10,3,0.4117647058823529,2024,11,3,2.6,1.0
2024-12-01 19:00:00,Manchester City  ,1,1,2,0,44,18,7,347,84,7,4,9,4,56,8,2,481,88,4,0,8,3,0.3888888888888889,2024,12,7,2.6,1.0
2024-12-04 22:30:00,Newcastle United,0,0,3,3,59,16,5,450,88,6,3,17,0,41,17,6,277,79,5,2,9,4,0.3125,2024,12,3,2.4,1.0
2024-12-10 20:45:00,Girona,0,1,1,0,62,15,7,553,91,8,2,8,1,38,13,5,303,83,5,1,11,3,0.4666666666666667,2024,12,2,2.2,0.8
2024-12-14 18:00:00,Fulham  ,1,0,2,2,61,16,4,469,89,5,6,10,2,39,12,3,280,82,4,4,7,2,0.25,2024,12,6,2.0,0.8
2024-12-18 23:00:00,Southampton,0,1,2,1,69,14,4,571,89,7,3,10,1,31,6,4,227,79,3,4,10,4,0.2857142857142857,2024,12,3,2.0,0.6
2024-12-22 19:30:00,Tottenham,0,1,6,3,48,24,12,432,86,5,9,9,4,52,9,5,466,85,7,3,7,4,0.5,2024,12,7,2.8,0.6
2024-12-26 23:00:00,Leicester City  ,1,1,3,1,68,19,7,590,91,14,12,17,3,32,4,1,237,76,1,4,5,2,0.3684210526315789,2024,12,4,2.8,0.6
2024-12-29 20:15:00,West Ham United,0,1,5,0,54,22,13,475,88,6,6,10,0,46,7,0,399,86,2,2,7,5,0.5909090909090909,2024,12,7,3.6,0.8
2025-01-05 19:30:00,Manchester United  ,1,0,2,2,53,19,6,364,83,6,3,10,0,47,13,4,287,75,9,6,13,4,0.3157894736842105,2025,1,7,2.0,0.8
2025-01-08 23:00:00,Tottenham,0,-1,0,1,60,14,7,489,87,2,5,10,0,40,9,4,295,78,2,2,8,1,0.5,2025,1,3,1.0,0.8
2025-01-11 15:15:00,Accrington Stanley  ,1,1,4,0,79,22,9,627,90,8,4,4,0,21,8,1,119,67,6,3,10,2,0.4090909090909091,2025,1,6,2.0,0.6
2025-01-14 23:00:00,Nottingham Forest,0,0,1,1,71,23,7,482,85,9,6,10,1,29,6,3,159,68,0,0,7,2,0.3043478260869565,2025,1,2,1.75,0.6
2025-01-18 18:00:00,Brentford,0,1,2,0,61,37,8,423,87,15,10,14,0,39,11,6,252,79,2,1,6,6,0.2162162162162162,2025,1,6,1.8,0.4
2025-01-21 23:00:00,Lille  ,1,1,2,1,56,13,7,522,90,3,2,12,1,44,4,1,406,88,3,0,9,3,0.5384615384615384,2025,1,2,1.8,0.4
2025-01-25 18:00:00,Ipswich Town  ,1,1,4,1,70,16,6,673,90,3,5,10,0,30,3,3,241,77,4,3,11,1,0.375,2025,1,6,2.6,0.6
2025-01-29 23:00:00,PSV Eindhoven,0,-1,2,3,47,9,5,385,85,2,4,11,1,53,12,5,432,84,8,4,11,3,0.5555555555555556,2025,1,3,2.2,0.8
2025-02-01 18:00:00,Bournemouth,0,1,2,0,51,19,7,348,82,3,3,9,1,49,14,3,324,79,3,4,15,4,0.3684210526315789,2025,2,6,2.4,0.6
2025-02-06 23:00:00,Tottenham  ,1,1,4,0,64,26,10,503,87,14,11,5,3,36,5,0,255,78,4,1,8,1,0.3846153846153846,2025,2,4,2.8,0.8
2025-02-09 18:00:00,Plymouth Argyle,0,-1,0,1,75,14,4,498,84,7,3,7,2,25,10,2,109,57,4,1,9,3,0.2857142857142857,2025,2,7,2.4,0.8
2025-02-12 22:30:00,Everton,0,0,2,2,63,6,4,452,83,3,1,20,2,37,10,3,215,70,2,3,9,3,0.6666666666666666,2025,2,3,2.0,0.6
2025-02-16 17:00:00,Wolverhampton  ,1,1,2,1,50,10,3,364,82,4,3,15,5,50,16,4,388,85,3,1,13,3,0.3,2025,2,7,2.0,0.4
2025-02-19 22:30:00,Aston Villa,0,0,2,2,48,17,3,340,84,8,3,6,2,52,9,4,379,84,6,3,8,3,0.1764705882352941,2025,2,3,2.0,0.6
2025-02-23 19:30:00,Manchester City,0,1,2,0,34,8,4,268,81,5,2,10,4,66,16,5,603,92,7,3,3,2,0.5,2025,2,7,1.6,0.4
2025-02-26 23:15:00,Newcastle United  ,1,1,2,0,61,12,3,533,90,4,0,12,0,39,3,0,309,84,2,1,11,1,0.25,2025,2,3,2.0,0.4
2025-03-05 23:00:00,PSG,0,1,1,0,30,2,1,220,75,2,1,7,0,70,27,10,629,91,14,5,3,3,0.5,2025,3,3,1.8,0.6
2025-03-08 18:00:00,Southampton  ,1,1,3,1,71,28,7,593,91,6,6,10,0,29,6,4,204,76,4,1,9,1,0.25,2025,3,6,2.0,0.8
2025-03-11 23:00:00,PSG  ,1,-1,0,1,46,19,3,426,79,12,6,14,3,54,21,8,573,85,6,2,6,3,0.1578947368421053,2025,3,2,1.6,0.8
2025-03-16 19:30:00,Newcastle United  ,1,-1,1,2,66,7,2,359,79,4,3,14,2,34,17,6,144,63,9,6,10,2,0.2857142857142857,2025,3,7,1.4,0.8
2025-04-02 22:00:00,Everton  ,1,1,1,0,74,17,3,532,87,11,4,7,2,26,5,0,130,63,5,1,11,4,0.1764705882352941,2025,4,3,1.2,0.6
